Last Name,First Name,ORCID
 ,Thomas,NO
Abada,Teresa,0000-0002-9576-1632
Abdelrazek,Mohamed,NO
Abdolvand,Hamidreza,0000-0003-4384-111X
Abdul Karim,Mustafa,0000-0001-8581-7009
Abdul-Karim,Rasha,NO
Abdulla,Rosanne,0009-0002-5150-3727
Abdulsatar,Farah,0000-0003-2426-0723
Abramson,Joy Shira,0000-0002-6627-0068
Abu Rafea,Basim,0000-0002-9601-7098
Accorsi,Fabio,0000-0002-1566-1368
Adams,Scott,0000-0001-9370-6798
Adams,Tracey,0000-0002-6649-5988
Adamson,Melitta,NO
Adamus,Janusz A,NO
Ade-Dosumu,Adedoyin,NO
Adler,Melissa,0000-0002-2867-4600
Adunuri,Nikesh,NO
Agrawal,Sumit,0000-0002-1309-3838
Ahmad,Mohamad,NO
Ahmad,Belal,NO
Ahmadi,Latifeh,0000-0001-9164-5055
Ahmed,Mobeen,NO
Ainsworth,Peter,0000-0002-2181-4607
Aitken Schermer,Julie,0000-0002-3469-7710
Ajiferuke,Isola,0000-0003-2813-9349
Akbari,Alireza,NO
Akhtar,Saima,NO
Akincioglu,Cigdem,0000-0003-3356-6492
Alaazi,Dominic,0000-0001-5513-2551
Al-Areibi,Arif,NO
Alcantara,Chris,0000-0001-6089-1114
Al-Dhaher,Firas,NO
Alfaro,Hilda,NO
Al-fayume,Anwar,NO
Ali,Shaimaa,0000-0002-9329-9026
Ali,Adam,0000-0001-9346-3626
Ali,Shehzad,NO
Al-Jaishi,Ahmed,NO
Alkhamesi,Nawar,0000-0001-6217-6253
Alkumru,Hasan,0000-0002-6679-6342
Allan,Alison,0000-0002-0344-1181
Allana,Saleema,0000-0002-8052-8299
Allen,Roy,0009-0006-3963-5195
Allen,Larry,NO
Allison,David,NO
Allman,Brian,0000-0001-8793-2019
AlMahamid,Fadi,0000-0002-6907-7626
AlMutawa,Fatimah,0000-0002-3978-1823
Al-Nahdi,Saleh,NO
Al-Osman,Abdulrahman,0000-0002-5882-2977
Altamirano-Diaz,Luis,0000-0001-9416-1670
Alvarez,Liliana,0000-0001-9934-3414
Amann,Justin,0000-0002-0694-0488
Ambtman-Smith,Vanessa,0000-0001-7760-269X
Anazodo,Udunna,NO
Andersen,Bob,0000-0003-4095-8259
Anderson,Cameron,0000-0002-4334-5696
Anderson,Michael,0000-0003-0572-115X
Anderson,Cory,NO
Anderson,Scott,NO
Anderson,Matthew,NO
Anderson,Kelly,0000-0001-9843-404X
Andrade Banuelos,Andrea,NO
Andrejkow,Joanna,0009-0003-3579-5210
Andrews,Tallulah,0000-0003-1120-2196
Andriatti Paulo,Danilo,NO
Anees,Syed,0009-0005-3022-7761
Ang,Lee-Cyn,0000-0003-0940-4995
Ansari,Daniel,0000-0002-7625-618X
Ansari ,Emily,0000-0001-6978-9490
Antia,Kersi,0000-0002-4831-4653
Antiperovitch,Pavel,0000-0002-8814-9015
Antoniou,Andreas,NO
Appleton,Andrew,0000-0001-8452-5012
Appleton,Christopher,0000-0001-7148-0767
Appleton,Sarah,NO
Arab,Juan Pablo,0000-0002-8561-396X
Arango,Miguel,NO
Araujo Monteiro Da Silva,Rodrigo,NO
Arbeau,Ryan,NO
Archibald,Lisa,0000-0002-2478-7544
Ari,Nilgun,0000-0001-6632-4698
Arifin,Andrew,NO
Arjalies,Diane-Laure,0000-0002-4070-9191
Arku,Godwin,0000-0001-7720-1554
armstrong,kevin,0000-0003-3929-028X
Armstrong,Paidrig,NO
Armstrong,Sarah,NO
Armstrong,Christopher,NO
Armstrong,Souzan,NO
Armstrong ,Dave,0000-0002-9358-2489
Arntfield,Michael Andrew,0009-0002-1736-9683
Arntfield,Robert,0000-0003-4954-487X
Arseneault,Christopher,0009-0009-8969-1541
Arts,Eric,0000-0002-4880-7968
Asfaha,Samuel,0000-0001-6972-0338
Ashmore,Peter,0000-0002-2928-2406
Ashok,Dhandapani,NO
Asokanthan,Samuel F,0000-0001-5917-4353
Ataie,Lili,0009-0000-0846-3534
Ataullahjan,Anushka,0000-0001-5261-5523
Athanassakos,George,0000-0002-8075-2936
Athwal,George,0000-0002-5174-219X
Atkinson,Michael,NO
Atwan,Yousif,0000-0001-9653-5891
Augustine,Sajit,0000-0002-2161-4226
Aulak,Jasmine,NO
Austin,Laurel,0000-0002-6301-3146
Austin,Rob,0000-0002-0251-932X
Avan,Abolfazl,NO
Awad,Bassem,0009-0006-7795-2730
Awani,Tuoyo,0009-0000-6834-5783
Azarpazhooh,Mahmoud Reza,0000-0003-2884-7572
Babalola,Oluwafunmbi,NO
Babenko-Mould,Yolanda,0009-0003-4994-5857
Bach,David,NO
Badrkhani Ajaei,Firouz,0000-0003-3950-695X
Baerg,Theodore,0009-0000-5470-8061
Bagatto,Marlene,0000-0002-1234-3233
Bagur,Rodrigo,0000-0003-1888-9429
Bai,Donglin,0000-0003-1112-6947
Bailey,Christopher,NO
Bainbridge,Daniel,0000-0003-3422-788X
Bains,Sukhveer,NO
Bajin,Munir,NO
Baker,Hayley,0009-0005-2038-1802
Ball,Ian,0000-0002-8503-2153
Ball,Eric,0000-0003-2542-9156
Ballucci,Dale,0000-0003-3939-0811
Balousha,Samar,NO
Banerjee,Neil R,0000-0001-7471-766X
Banik,Sujoy,0000-0001-5649-7499
Banner,Harrison,0000-0002-2106-4711
Bansal,Tima,0000-0002-7899-9622
Barbeau,Michele,0009-0003-1311-674X
Barghi,Shahzad,0000-0002-9850-2062
Barghi,Arvand,NO
Barmby,Pauline M,0000-0003-2767-0090
Barnett,Rebecca,NO
Baron,Corey,0000-0001-7343-5580
Barr,Stephen,0000-0002-0028-7430
Barr,Jennifer,NO
Barra,Lillian,NO
Barrett,Dave,0009-0006-9545-839X
Barrick,David,0009-0000-4577-9386
Barron,Tatyana,0000-0001-9184-9306
Barry,Matthew ,0009-0002-1943-9702
Barteet,Charles,0000-0002-1195-6011
Bartha,Robert,0000-0002-7118-9096
Bartley,Debra,NO
Barton-Forbes,Michelle,NO
Baruah,Bipasha,0000-0001-9073-6705
Basharat,Pari,0000-0002-3085-3990
Basmaji,John,0000-0001-9749-1747
Basnet,Anup,0000-0002-0558-7221
Bassi,Amarjeet Singh,0000-0001-9762-3623
Bassnett,Madeline,0009-0003-2137-5899
Bassnett,Sarah,0000-0002-6632-8450
Basu,Shantanu,0000-0003-0855-350X
Bateman,Emma (Ali),0000-0002-5069-3058
Batohi,Pravin,NO
Batterink,Laura,0000-0002-6879-4666
Battista,Jerry,NO
Battram,Danielle,NO
Bauer,Greta,NO
Bauman,Glenn,0000-0002-5279-7360
Bax,Kevin,0000-0002-5775-2356
Bax,Karen,NO
Baxter,Jamie,0000-0003-3410-0969
Bayley,Tiffany,0000-0001-6572-3259
Beamish,Paul,0000-0003-3823-2627
Beaton,Melanie,NO
Bechamp,Taylor,NO
Beckett,Greg,0000-0002-8875-9374
Begen,Mehmet,0000-0001-7573-0882
Beier,Frank,0000-0002-8505-7537
Beletsky,Vadim,NO
Belfry,Glen,0000-0002-8831-2652
Belisle,Sheena,NO
Bell,Lisa,0000-0001-5750-3838
Bell,Edward,0000-0003-4361-7900
Bell,Adam,0000-0002-8500-9754
Bell,Christine,0009-0006-8977-0790
Bellingham,Geoff,NO
Belton,Tom ,0000-0002-6104-4870
Ben Nachum,Ilanit,NO
Benson,Alex,0000-0002-5978-065X
Berard,Roberta,0000-0003-2780-0617
Berberich,Amanda,0000-0002-9461-9036
Berg,Selinda,0000-0003-4350-3831
Bergin,M.,NO
Bernards,Mark A,0000-0003-1209-3200
Berruti,Franco,0000-0001-7860-964X
Bertram,Jason,0000-0001-5374-6912
Bertrand,Monique,NO
Berube,Nathalie,0000-0003-1948-8715
Betts,Dean,0000-0002-5528-9142
Beveridge,Tyler,0000-0002-2497-4964
Beye,Angela,0009-0000-7629-6117
Bhaduri,Mousumi,0000-0003-2112-1752
Bhalla,Anurag,0000-0003-0613-0546
Bhangu,Jaspreet,0000-0003-3934-2967
Bhat,Vasudeva,0000-0003-2228-6217
Bhatia,Nandi,0000-0001-7117-8023
Bhattacharjee,Rabindra,0000-0002-0873-6106
Bhattacharya,Soume,0000-0003-3715-8066
Bhattacharyya,Barnini,0000-0002-5023-1902
Bhayana,Vipin,0000-0001-6611-1748
Bhimani,Munsif,0000-0003-0321-5077
Bhojani,Zainab,NO
Bihari,Aurelia,0000-0002-5127-9238
Birceanu,Oana,0000-0002-3345-8769
Birmingham,Trevor,0000-0002-3300-7677
Bishop,Pamela (Pam),NO
Bishop,Kristen,NO
Bishop,Stephanie,NO
Biswas,Abhijit,NO
Biswas Melliamphy,Nandita,0000-0002-3576-1841
Bitsuamlak,Girma T,0000-0002-0031-3176
Bjazevic,Jennifer,0000-0002-1749-4874
Black,Stephanie,NO
Blackmore,Tim,0009-0001-2879-5154
Blacquiere,Johanna M,0000-0001-6371-6119
Blair,Mervin,NO
Blake,Peter,0000-0002-0345-5989
Blamey,Nigel,NO
Blanchard,Kanina,0009-0008-6755-9390
Blanchette,Phillip,NO
Blankenship,Janelle S,0009-0002-3548-8512
Blissett,Sarah,0000-0002-2465-1487
Block,Pam,0000-0003-1481-0314
Bobos,Pavlos,0000-0002-5098-4840
Bodell,Lindsay,0000-0001-8346-7762
Boers,Frank,0000-0001-7552-4931
Boffa,Michael,0000-0003-1211-3064
Bogiatzi,Chrysi,0000-0002-4341-7514
Bohlin,Erik,0000-0001-5771-6438
Bohorquez,Esperanza,NO
Boichuk,Jeffrey,0000-0001-9990-9879
Bondy,Lise,0000-0003-1692-7217
Bonham,Christopher,NO
Bonner,Simon,0000-0003-2063-4572
Booker,Christina Joanne,0000-0003-0300-4464
Booth,Richard,0000-0002-0300-9954
Borchert,Angela,0000-0003-0237-1502
Borger,Jonathan,NO
Borrie,Michael,0009-0008-9809-7758
Bosma,Karen,0000-0003-0423-7286
Botterell,Andrew,0000-0002-8895-3812
Bouisset,Nicolas,0000-0001-9068-8643
Boulter,Jonathan Stuart,0000-0002-3582-9228
Boulton,Mel,0000-0001-7246-4531
Bourgard,Erin,0000-0002-8913-6726
Bourget,David,0000-0003-0155-9634
Bousfield ,Dan,0000-0001-7157-1028
Boutilier,Michael S.H.,0000-0001-6309-2318
Bowlus,Audra,0000-0002-7671-2210
Bowness,Evan,0000-0001-6038-960X
Boyd,Tristan,0000-0002-4259-9002
Brackstone,Muriel,0000-0002-7741-2199
Brahm,Gary,NO
Branch,Carrie,0000-0002-4671-2420
Brandl,Christopher J,NO
Brandt,Michael,NO
Branfireun,Brian Andrew,NO
Branzei,Oana,0000-0002-4477-0192
Brar,Jagraj,NO
Bravo,Grace,0000-0003-0795-6542
Bravo Roman,Cristian Danilo,0000-0003-1579-1565
Breadner,Daniel,0000-0001-5379-7621
Bres Bullrich,Maria,0000-0003-4911-9937
Brie,Evelyne,0000-0001-9549-1794
Briens,Cedric Louis,0000-0003-3566-0167
Brine,Meggan,0000-0001-5569-9451
Briscoe,Graham,NO
Briskin,Alexander,NO
Brock,Gerald,NO
Brookes,Jonathan,NO
Brou,Daniel,0000-0003-0638-727X
Brown,Jason,NO
Brown,Lyndon J.,0000-0001-6093-2668
Brown,Peter G.,0000-0001-6130-7039
Brown,Christopher,NO
Brown,Judith B.,0000-0002-3661-9361
Brown,Arthur,0000-0002-8725-3195
Brunette-Debassige,Candace,0000-0003-2429-128X
Bruni,Ida,00099-0006-8305-6481
Brunton,Laura,0000-0002-0890-7040
Bryant,Dianne,0000-0002-7535-8707
Brysiewicz,Taylor C.,NO
Buchel,Alex S,NO
Buchkowski,Robert Walter,0000-0001-6381-8609
Budhram,Adrian,0000-0003-4860-0470
Bulakbasi Balci,Tugce,0000-0002-5409-8387
Bureau,Yves,NO
Burgess,Paige,NO
Burhan,Amer,NO
Burke,Shauna,0000-0003-2749-1631
Burkell,Jacquelyn,0000-0003-2645-8127
Burneo,Jorge G,0000-0002-3644-2826
Burrell,Alishya,0000-0003-2756-8934
Bursztyn,Lulu,0000-0002-4937-2687
Burton,Jeremy,0000-0002-3591-6436
Burucua,Constanza,0009-0004-3831-9719
Busaba,Walid,NO
Bussey,Timothy,0000-0001-7518-4041
Butler,Blake,0000-0001-5287-3450
Butler,Ronald J,0000-0002-7505-6223
Butler,Sheila,0000-0002-5397-9051
Butler,John,NO
Butter,Andreana,NO
Buzzelli,Michele,0009-0003-5047-6584
Byrd (Byrd Clark),Julie,0009-0003-4024-531X
Byrne,Janice,0000-0002-2510-7133
Byrne,Christopher,0000-0002-2289-8064
Cabrera,Ana,NO
Cacciotti,Chantel-Danielle,0000-0002-4968-8956
Caetano Crowley,Fabiana,0009-0001-9468-3361
Caine,Sean,NO
Cairney,A. Elizabeth L.,0000-0003-1569-8838
Cairns,Ewa,0000-0003-2748-3076
Calnitsky,David,0000-0002-0828-1957
Calogero,Rachel,0000-0002-2539-3475
Calvin,James,0009-0003-7620-3330
Camacho,Alex,NO
Cameron,Paul,NO
Cameron,Lisa,0000-0002-2108-8414
Cami,Jan,0000-0002-2666-9234
Campbell,Grant,0000-0001-9259-3138
Campbell,Lorne,0000-0002-9071-4845
Campbell,Colin,NO
Campbell,Craig,NO
Campbell,Jeffrey,NO
Campbell,Nicole,NO
Campbell,M. Karen,0000-0001-7376-5301
Campbell,Gordon,NO
Campbell,Heather ,0000-0002-1272-5872
Campbell-Brown,Margaret Diane,0000-0001-6010-1784
Canlas,Gino Ruggiero,0009-0000-9466-9474
Capone,John,NO
Capretz,Luiz Fernando,0000-0001-6966-2369
Capretz,Miriam A,0000-0002-1380-971X
Caracchini,Cristina,0000-0001-6839-0154
Cardarelli Leite,Leandro,0000-0002-5987-7291
Carey,Timothy,NO
Carlisle,Emily,0000-0002-5391-723X
Carmody,Chios,0000-0003-3279-790X
Carson,Jeffrey,NO
Carson,Kim ,0000-0002-0330-2413
Carter,Alexandra,NO
Carter,Kyle,NO
Casas Lopez,Catalina,0000-0003-2959-8547
Cassady,Samuel ,0000-0001-7033-3458
Casserly,Courtney,0000-0002-8357-2834
Cassidy,Caitlin,NO
Castellani,Christina,0000-0003-2737-0549
Castro Mendez,Lucas,NO
Cato,Jacqueline ,0009-0000-8011-8217
Caucutt,Elizabeth,0009-0002-4967-5706
Cave,Anita,0000-0002-5552-3795
Caxaj,Susana,0000-0002-5393-6406
Cayen,Laura,0000-0003-2861-9799
Cecchini,Matthew,0000-0001-7224-5216
Cechetto,David F.,NO
Cejic,Sinisa (Sonny),NO
Centivany,Alissa,0000-0002-5394-9047
Cepinskas,Gediminas,0000-0002-0267-6659
Chahine-Malus,Natalie,NO
Chakrabarti,Subrata,0000-0002-0208-1401
Chamberlain,Erika,0000-0002-1446-3300
Chambers,Spencer,0000-0003-1599-7184
Champion,Lois,NO
Chan,Ryan,0000-0002-3164-5640
Chan,Lik Hang Tommy,0000-0003-0252-7757
Chan,Nelson,NO
Chan,Cynthia,NO
Chan,Ian,0000-0002-2079-3066
Chan,Nancy,NO
Chandna,Nicholas,NO
Chandy,Mark,0000-0002-6741-2822
Chang,Yuqian,0000-0001-7146-6519
Charpentier,Paul A,0000-0001-9506-5576
Charumbira,Ruramisai,0009-0003-6252-5945
Chaudhari,Sumit,NO
Chavarria,Jesus,0000-0001-5864-2899
Chen,Elvis,0000-0002-4198-3336
Chen,Yang,0000-0001-8535-7815
Chen,Breanna,0000-0003-2524-2412
Chen,Jeff,NO
Cheng,Anita,0000-0002-6787-7275
Cheng,Sonny,NO
Cherry,Richard,0000-0002-1212-2641
Cheskes,Lindsay,NO
Chiasson,Basil,0000-0001-8519-2897
Chidiac,Peter,0000-0001-8365-6109
Chilton,Stephanie,NO
Chin,Melissa,NO
Chintapalli,Prashant,0000-0002-6788-7537
Chin-Yee,Ian,0000-0002-8719-7250
Chin-Yee,Benjamin,0000-0003-0737-3603
Chitpin,Jeremy,NO
Chiu,Michael,NO
Cho,Lily,0000-0003-2018-9069
Choi,Yun-Hee,0000-0002-5533-509X
Choi,Hee Young (Kate H.),0000-0001-6885-6233
Chong,Jaron,NO
Chou,Queena,NO
Chovaz,Cathy,NO
Chowdhury,Apala,0000-0001-9027-9794
Choy,Wing-Yiu,0000-0002-2124-7278
Christensen,J. Daniel,NO
Christie,Anita,0009-0007-8543-5124
Chronik,Blaine Alexander,0000-0001-6086-9806
Chrysostome,Elie,0000-0002-0573-9969
Chu,Michael,NO
Chui,Sze Wing,NO
Chung,Tai-Yeong,0009-0003-1583-4729
Church,Brian,NO
Ciftci,Beyza,0000-0003-0412-6228
Cigana Schenkel Magalhaes,Laila,0000-0003-4939-6790
Cipriano,Lauren,0000-0001-5568-4516
Clark,Kim,0000-0001-8044-6069
Clark,Daniel,0000-0003-1645-4667
Clarke,Collin,0000-0003-3677-5900
Clarson,Cheril L,0000-0003-0553-6915
Clemens,Kristin,0000-0001-9636-5597
Clemente,Michael,NO
Cleveland,Mark,0000-0001-7605-1996
Climans,Seth,0000-0002-4961-237X
Coates,Norma,0009-0007-1877-8733
Cobos Cobos,Santiago,NO
Cociuba,Simona,0009-0001-6347-3978
Colby,William D,NO
Colquhoun,Patrick,0000-0002-9015-1405
Coltman,David William,0000-0002-1268-2307
Columbus,Lauren,NO
Comor,Edward,0000-0003-3142-4132
Compton,James,0000-0001-9897-9090
Conley,Tim,0009-0006-7520-3330
Connaughton,Dervla,0000-0003-3466-6305
Connelly,Denise,0000-0001-8138-1746
Connors,Scott,0000-0002-9076-9221
Constas,Styliani,0000-0001-8869-4155
Cookson,Christina,NO
Cool,Derek,0000-0003-1095-3553
Coome,Grant,NO
Cooper,Paul E.,0009-007-9014-5068
Copeland,Jeremy,NO
Corcoran,Patricia,NO
Corneil,Brian,0000-0002-4702-7089
Cornelson,Kirsten,0000-0001-9700-8567
Correa,Rohann,0000-0003-0886-1625
Corrigan,Frank,NO
Cotte,June,0000-0003-0770-8338
Coughlin,Kevin,NO
Cowan,Andrea,NO
Coyle,Michael Coyle,0000-0002-6153-2081
Cregan,Sean,0009-0001-4794-803X
Creuzenet,Carole,0000-0002-7435-5862
Cristancho,Sayra,0000-0002-8738-2130
Crivellaro,Priscila,0000-0003-1600-034X
Crossan,Mary,0000-0002-5635-3978
Crowley,Eileen,0000-0002-9545-4384
Crumley,Tracey,NO
Cubillos Salcedo,Javier,NO
Cuciurean,John,NO
Culham,Jody,0000-0003-0754-2999
Cumming,Robert,0000-0001-6821-7060
Cummins,Helene,0000-0003-1143-1714
Cunningham,Barbara,0000-0002-2032-4999
Cunningham,Ian,0009-0000-3209-5962
Cunningham,Christy,0000-0002-2248-4494
Currie,Beth,NO
Currie,Cheryl,NO
Curtis,Mason,NO
Cyr-Desjardins,Eric,0000-0001-9066-4852
da Silva,Orlando,0000-0001-5006-537X
Da Silva,Keith,NO
Dafe,Charles,NO
Dagnew,Martha,0000-0002-7998-1096
Dagnino,Lina,0000-0003-1483-5159
Dagnone,Robert Vico,NO
Daley,Mark J.,0000-0002-6939-9772
Daley-Ogilvie,Perry Ann,NO
Damjanovski,Sashko,0000-0002-3479-721X
Daniel,Omar,NO
Darling,Mark,0000-0002-5404-2201
Dasgupta,Monidipa,0000-0003-3732-719X
Dash,Deepa,0000-0002-4285-144X
Daub,Olivia,0000-0001-5004-4544
Dave,Sapna,NO
Dave,Sumit,NO
Davey,Ryan,0000-0001-7203-8209
Davies,Lorraine,NO
Davies,Edward T,NO
Davis,Matthew,NO
Davison,Matt,0000-0001-7948-4658
Dawson,William B,NO
Day,Emily,0000-0003-3245-5715
De,Sabe,0000-0001-8417-9877
de Gannes,Nadine,NO
De Lasa,Hugo I,0000-0002-6965-7276
De Moras,Nadine,0009-0000-6326-3172
De Ribaupierre,Sandrine,0000-0001-7096-2289
De Souza,Jonathan,0000-0001-9505-7234
De Tubino Scanavino,Marco,0000-0003-3485-3805
De Vasconcelos Fernandes,Ricardo,NO
De Viveiros,Genevieve,0009-0002-0050-2505
De Vrijer,Barbra,0000-0002-4823-9753
Debassige Ahnungoonhs,Brent,NO
Debicki,Derek,0000-0001-6010-5689
DeCoito,Isha,0000-0002-8315-9150
DeFalco,Thomas,0000-0003-2897-1485
Degen,Ryan,0000-0001-9981-6074
DeGroot,Christopher Thomas,0000-0002-2069-8253
Dekaban,Gregory A.,0000-0002-3087-4660
DeKoter,Rodney,0000-0002-9201-1983
Del Balso,Christopher,NO
Del Pozzo Magana,Blanca,0000-0002-8597-5485
Dela Paz,Jennifer,NO
Delport,Johannes,NO
DeLyzer,Tanya,0000-0003-2403-9543
Demeyere,Gillian Patricia,NO
Demirkaya,Erkan,0000-0003-4525-1789
Dempsey,Brian,0000-0001-6151-0184
Denham,Graham,0009-0003-1421-9118
Denice,Patrick,0000-0002-7997-8313
Denniston,Colin D,0000-0002-6723-0455
Denomme-Welch,Spy,0000-0002-8860-4647
Denstedt,John D.,0000-0001-5836-4200
Deotare,Uday,0000-0001-9391-4204
Desai,Tejal,NO
Desai,Tejas,NO
Descartes ,Lara,0000-0002-5938-1456
Devereux,Joanna,NO
Devlin,Megan,NO
Devo,Alba,0000-0002-1433-1252
Deweyert,Andrew,0009-0004-9404-0659
Dhaliwal,Inderdeep,0000-0003-1795-3855
Dhaliwal,Arash,NO
Dhanvantari,Savita,0000-0001-6453-1386
Dhillon,Ajneet S,0000-0001-9871-9168
Dhir,Achal,0000-0001-5327-6420
Dhir,Shalini L.,0000-0002-9704-192X
Di Guglielmo,John,0000-0002-2439-2737
Diachun,Laura,NO
Diamantouros,Pantelis,0000-0003-3019-3109
Dias,Bryan,NO
DiCecco,Robert,NO
Dick,Caroline,0000-0003-2345-7444
Dick,Frederick Andrew,0000-0002-0047-9985
Dickey,James,0000-0002-4101-835X
Dickey,Chandlee,NO
Dickinson,John Kenneth,0000-0002-6266-7463
Diedrichsen,Jorn,0000-0003-0264-8532
Diemert,Brian,NO
Dikeakos,Dimitrios (Jimmy),0000-0001-8141-5395
DiMattia,Gabriel,0000-0002-2796-9941
Ding,Zhifeng,0000-0001-9252-9320
Diop,Mamadou,0000-0003-1244-7830
Dippel,Christian,0009-0002-1810-7220
DiSalle,Robert,NO
Disher,Brandon,NO
Ditor,David,NO
Dixon,David,NO
Dixon,S. Jeffrey,NO
Dixon,Stephanie,NO
Djordjevic,Bojana,0000-0002-9718-3557
Dobrowlanski,Aldo,0000-0002-4488-1669
Dobson,Howard,NO
Dodbiba,Lorin,NO
Doelman,James,0000-0001-8984-4872
Doering,Michele,NO
Doherty,Alison,0000-0002-3021-7302
Doherty,Timothy J.,0000-0002-5883-3975
Domaratzki,Michael,0000-0001-9129-6676
Dong,Alex,NO
Dong,Cecilia,0000-0003-2540-8734
Donovan,Keith,NO
Doody,Tanya,NO
Doralp,Samantha,0000-0001-7201-2375
Doran,Sean,0000-0002-6834-6716
Dounavis,Anestis,0000-0003-3273-7157
Dove,Michael,0000-0002-1758-8221
Doyle,Philip,NO
Dozois,David,0000-0002-0857-0679
Drangova,Maria,0000-0003-1856-9038
Dresser,George,0000-0002-3604-6743
Dreyer,Jonathan,NO
Driediger,Molly,0000-0002-6442-9733
Driman,David,0009-0007-8532-2031
Drosdowech,Darren,0000-0002-7348-1672
Drover,Walter Marcus,0000-0002-2186-1040
Drysdale,Thomas,NO
D'Souza,David Paul,0000-0001-5093-7107
Dua,Varinder,NO
Dubois,Luc,0000-0002-8828-6896
Ducci,Francesco,0000-0001-6463-8765
Duclos,Rod,0000-0002-5947-8768
Duennwald,Martin,0000-0002-9136-4592
Duerden,Emma,0000-0002-9734-7865
Duggal,Neil,0000-0002-5461-4492
Dukelow,Adam,NO
Dumeaux,Vanessa,0000-0002-1280-6541
Duncan,Audra,0000-0002-7597-7065
Dunn,Stanley,NO
Durocher,Daniel,NO
Dworatzek,Paula,0000-0003-2093-9341
Dyck,Corey,0000-0002-3092-1818
Dyck,Jason ,"
0000-0001-8157-0125"
Dyczok,Marta,0000-0002-8106-8589
Dyer-Witheford,Nick,0000-0001-5177-4282
Eagleson,Roy Arthur,0000-0001-9264-8135
Eastabrook,Genevieve,0000-0001-9184-2796
Eby,Donald,NO
Edgell,David,0000-0003-3858-6150
Edmonds,Marcia,0000-0002-9260-8472
Egan,Raymond R,NO
Ein,Natalie,NO
El Ansary,Ayman Mohamed,0000-0002-7889-330X
El Damatty,Ashraf,0000-0001-8979-9178
El Naggar,Hesham M.,0000-0001-9366-0267
El-Chabib,Tarek,NO
Elfakhani,Mohamad,NO
El-Halabi,Waseem,NO
Elhusein,Bushra,0000-0003-0803-1138
Elia,Mario,NO
Elliott,Jacobi,NO
Ellis,Christopher G.,0000-0002-7760-1846
Elnahas,Ahmad,0000-0001-5910-5374
ElRayes,Maged,NO
El-Sakka,Mahmoud,0000-0002-7877-8280
Elsayed,Marwa A.M.A.,0000-0001-9906-5020
Elsayed,Sameer,0000-0003-3487-2715
Elzagallaai,Abdelbaset,NO
Emberley,Julia,0009-0001-8950-2589
Emons,Theodorus,NO
Ens,Andrea,NO
Erdemci Tandogan,Gonca,0000-0001-6955-8692
Eren,Dilan,0000-0001-5086-2125
Ernst,Jaclyn,0000-0002-5676-6975
Ernst,Scott D.,0000-0001-6810-9270
Escobar-Anel,Marcos,NO
Esmonde,Katelyn,0000-0003-3437-2921
Espin Garcia,Osvaldo,0000-0003-2052-2626
Espinosa Tadeo,Aldo,0000-0002-8876-6902
Esses,Victoria,0000-0001-8002-2725
Essex,Aleksander Edwin,0000-0002-0228-0371
Etemad-Rezai,Roya,NO
Ettler,Helen C,0000-0001-6252-1723
Evans,Blair,0000-0003-0668-4928
Evans,Malkanthi,NO
Everling,Stefan,0000-0001-9714-9757
Ezezika,Obidimma,0000-0001-7832-0483
Eziz,Aysajan,0000-0002-3275-2333
Faber,Kenneth,0000-0003-1025-6600
Fadlullah,Zubair,0000-0002-4785-2425
Faez,Farahnaz,0000-0002-2823-9684
Faflak,Joel Robert,0009-0004-3389-6453
Faik,Isam,0000-0001-9360-7941
Fakir,Hatim,NO
Fanchini,Giovanni,0000-0002-2502-7475
Fang,Fang (Fiona),0000-0002-6582-6570
Fantillo,Vanessa,NO
Farag,Adam,NO
Farah,Randa,0000-0001-7886-1546
Farrell,Jennifer,0009-0005-0736-2543
Fayowski,Cassandra,0000-0002-0347-694X
Fazakas-DeHoog,Laura,NO
Feagan,Brian G,0000-0002-6914-3822
Fearon,Danielle,0009-0000-3897-882X
Fenesi,Barbara,0000-0003-2670-4551
Feng,Qingping,0000-0001-9739-2765
Feng,Biao,NO
Fenn,Kelly,NO
Fenster,Aaron,0000-0003-3525-2788
Fernandez Codina,Andreu,0000-0001-7939-7837
Ferreira,Louis M.,0000-0001-9881-9177
Ferris,Neal,NO
Fewster,Kayla,0000-0003-1530-9476
Feyles,Valter,NO
Fiander,David ,0000-0003-4697-4145
Fielding,Helen,0009-0000-1121-7764
Filler,Guido,0000-0003-1891-6765
Finegan,Joan,NO
Finger,Elizabeth,0000-0003-4461-7427
Finneron-Burns,Elizabeth,0000-0002-5632-7665
Fiorini,Kyle,0000-0002-6788-5136
Fisher,Barbara,0000-0003-3251-6143
Fisman,Sandra,0000-0001-9771-4736
Flath,James,0000-0003-0507-1265
Fleet,Jamie,0000-0002-9468-0697
Fleming,Keith,0009-0001-9947-7313
Flemming,Roberta,0000-0003-1688-7753
Florendo-Cumbermack,Anita,NO
Floryan,Jerzy M,0000-0003-3296-4122
Flynn,Lauren E,0000-0001-6227-0928
Foerster,Steve,0000-0002-7204-4999
Foley,Timothy,NO
Forchuk,Cheryl,0000-0001-6936-3932
Ford‐Gilboe,Marilyn,0000-0003-4328-8748
Forrester-Jones,Rachel,0000-0002-6840-6715
Forristal,Chantal,NO
Fortin,Dalilah,NO
Foster,Joshua,0000-0002-2796-1528
Foster,Paula,0000-0002-4868-3395
Foster,Cheryl,NO
Fotheringham,Mary,NO
Fox,Michael,0009-0003-1743-1405
Fox,Matthew,NO
Foxcroft,Laura,0000-0003-4500-6994
Franck,Peter,0009-0009-1022-6250
Franco Lopez,Hernan,0000-0003-3128-3325
Franz,Matthias,NO
Fraser,John Alexander,NO
Fraser,Douglas,NO
Frederking,Lauretta,NO
Freeman,Shane,NO
Freeman,Tom,NO
Frehner,Paul,NO
Fremeth,Adam,0000-0003-3999-0278
Frewen,Paul,0000-0003-3578-4776
Fridman,Sebastian,0000-0002-1165-040X
Friedman,Manfred,NO
Friesen,Deanna,0000-0002-1510-6102
Friesen,Amanda,0000-0002-9743-5742
Frisbee,Jefferson,0000-0003-2751-0599
Frisbee,Stephanie,0000-0003-1526-1839
Frost,Ann,0009-0004-8668-9212
Frost,Tony,NO
Fruci,Michael,NO
Fujii,Satoru,0000-0002-9122-0150
Fuller,John,NO
Fuller,Jeffrey,0009-0009-8574-1150
Fung,Kevin,0000-0003-1648-8859
Furnivall Petter,Meagan,NO
Fuss,Jeffrey,NO
Fyfe,Bruce ,0000-0002-3649-2719
Gabriel,Joseph,NO
Gabril,Manal,0000-0002-4133-992X
Gadanidis,George,0000-0002-5982-6056
Gaede,Stewart,0000-0001-9941-4905
Gafka,Beata,0009-0002-1774-3110
Gagnier,Joel,NO
Gajebasia,Nimanpreet,NO
Gallagher,Sarah,0000-0001-6217-8101
Gallego,Patricia,NO
Gangam,Hema,0000-0001-7063-9916
Ganjavi,Hooman,0000-0002-7484-2011
Garcia,Bertha,0000-0003-3490-7965
Garcia,Maria Paz,NO
Garcia Valenzuela,Maria,NO
Garcia-Allen,Ana,0000-0002-5373-154X
Garcia-Bournissen,Facundo,0000-0002-8732-247X
Gardiner,Rita,0000-0002-8018-019X
Gardiner,Michael,NO
Garg,Pallav,0000-0001-9343-1763
Garg,Amit,NO
Garland,Jayne,0000-0003-1117-2935
Garnett,Anna,0000-0001-7111-8602
Garnham,Christopher,0000-0002-1035-6970
Garvin,Greg,0000-0003-0984-2741
Gateman,Samantha Michelle,0000-0002-3889-9926
Gati,Joseph,NO
Gavarkovs,Adam,NO
Gebregiworgis,Teklab,0000-0002-1489-4813
Geerlinks,Ashley,NO
Gelman,Neil,NO
Gervais,Kyle,0009-0006-8085-2909
Getgood,Alan,0000-0003-4731-4333
Geukers,Karen,0000-0003-0564-8319
Ghaddar,Bissan,0000-0003-4695-200X
Ghafoor,Akmal,NO
Ghate,Gauri,NO
Ghebremusse,Sara,0009-0009-8576-8468
Giangioppo,Sandra,0000-0001-9839-8886
Gibson,Candace,0000-0001-8301-0324
Giffin,Dawn,NO
Giffin,J. Robert,NO
Giffoni de Mello Morais Mata,Danilo,0000-0001-7375-4346
Gilad,Royi,0000-0001-9045-3932
Gilbert,Kenneth,0000-0003-0024-9941
Gilbert,Kyle,NO
Gill,Sean,NO
Gillett,Mary,NO
Gillies,Elizabeth R,0000-0002-3983-2248
Gilliland,Jason,0000-0002-2909-2178
Gillis,Rory,0000-0001-8689-1585
Gilroy,Joseph B,0000-0003-0349-7780
Giraldo Arismendy,Javier,NO
Gittings,Lesley,0000-0002-0463-0478
Gkouti,Elli,0000-0001-8147-8492
Glabush,Sky,NO
Glazer,Sara,NO
Glinka,Juan,0000-0003-4373-965X
Glista,Danielle,0000-0002-1953-3312
Gloor,Jane,NO
Gloor,Gregory B.,0000-0001-5803-3380
Glushko,Bobby ,0000-0002-2387-5761
Gob,Alan,NO
Goda,Katsuichiro,0000-0003-3900-2153
Goebel,Emily,NO
Goehring,Edmund,0000-0002-8936-6046
Goela,Aashish,0000-0001-9373-1475
Goela,Kapil,NO
Goffin,Richard,0000-0002-0371-2711
Gofton,Teneille,0000-0001-9001-4884
Goldberg,Harvey,NO
Goldman,Daniel,0000-0002-8707-5536
Goldszmidt,Mark,0000-0002-5861-5222
Goltsman,Maria,0009-0008-7765-1115
Gomaa,Noha,0000-0002-7351-9036
Gomez Tamayo,Julio,NO
Gomez-Lemus,Jose,NO
Goncharova,Lyudmila,NO
Gonder,John,NO
Gonzalez Valencia,Nelson,0000-0001-7178-2212
Goodale,Mel,0000-0001-6748-0561
Goode,Miranda,0000-0001-5537-2096
Goodman,Christopher,NO
Goodman,Maren ,0000-0002-0216-0994
Gopaul,Aquila,NO
Gorodzinsky,Fabian,NO
Graham,Laura,0000-0003-0809-9618
Graham,Randall,0009-0006-9678-332X
Graham,Elise,0009-0000-2488-0215
Graham,Daryl,NO
Grahn,Jessica,0000-0001-7270-2114
Granadillo,Tania,0000-0002-5636-292X
Grant,Aaron,NO
Granton,Jeffrey,0000-0002-2639-5958
Grattan,Michael,0000-0002-6698-9232
Gratton,Robert,NO
Gray,Daryl,0000-0001-9773-4075
Grbic,Miodrag,NO
Grbic,Vojislava,0000-0001-6570-8796
Green,David,0000-0001-5990-9102
Green,Patricia,0009-0003-6931-6185
Green-Barteet,Miranda,0009-0001-9923-0185
Greene,Elizabeth,0000-0002-0121-4751
Gregor,James,NO
Gregory,Jonathan,NO
Greig,Susan,NO
Grewal,Ruby,0000-0002-6614-9161
Grey,Cornel,0000-0003-2339-5546 
Gribble,Paul,0000-0002-1368-032X
Grier,James,NO
Grimmer,Joanne,NO
Grisaru Kacen,Maya,NO
Groat,Cody,0009-0004-4775-4974
Grol,Matthew,0000-0001-6514-9066
Grolinger,Katarina,0000-0003-0062-8212
Gros,Robert,0000-0002-3667-8011
Gros,Michelle,0000-0001-8507-7485
Grushka,Daniel,0000-0001-5929-075X
Gryn,Steven,0000-0002-8627-7611
Grzyb,Amanda,0000-0003-3950-2254
Guaiana,Giuseppe,0000-0003-1054-2201
Gualandris,Jury,0000-0003-4866-7050
Guariglia Oropeza,Veronica,0000-0001-7851-2514
Guenther,Lyn,0000-0001-9286-1534
Guglielmo,Christopher G.,NO
Gula,Lorne,0000-0001-9815-2499
Gunaratnam,Lakshman,0000-0002-8845-1126
Gunz,Anna,NO
Guo,Linrui Ray,NO
Gupta,Rasna,NO
Gupta,Ruchika,NO
Gurmukh,Sunil,NO
Gustison,Morgan,0000-0002-1162-8966
Guthrie,Jennifer,0000-0001-8565-203X
Guzman,Andres,NO
Gweon,Hyukjun,0000-0001-9035-984X
Ha,Minha,0000-0002-2420-5591
Ha,Jasmine,0000-0002-7772-6630
Haan,Michael,0000-0003-4942-7841
Habbous,Steven,NO
Habibie,Pejman,0000-0003-2702-7759
Hachinski,Vladimir,0000-0002-0487-734X
Hackam,Daniel,NO
Hackinen,Bradley,0009-0000-1143-4152
Haddad,Faraj,0000-0002-6415-3909
Haddad,Richard,0009-0003-8936-8812
Haddara,Wael,0000-0002-9817-5524
Haeryfar,Mansour,0000-0002-1125-8176
Haggerty,Nicole,0000-0003-3671-9140
Hahn,Karin,NO
Haider,Zulfiquer,0009-0008-7207-4953
Haig,Aaron,NO
Halabi,Mohamad,NO
Hall,Christopher,NO
Hall,Patricia,NO
Hallett,Michael,0000-0001-6738-6786
Halpern,Monda,0009-0003-4213-0145
Hames,Heather,0009-0005-9634-8443
Hamilton,Michelle,0009-0004-9005-0788
Hamilton,Douglas,0000-0002-9798-5197
Hamilton,Kirk,NO
Hamm,Caroline,0000-0003-1326-2088
Hammerberg,Ole,NO
Hammond,Mitchell,0009-0006-6686-5594
Hammond,Jo-Anne,NO
Hammond,Robert,NO
Han,Victor K.,0000-0003-3479-9132
Hancock,Samantha,0000-0001-6326-2858
Hand,Carri,0000-0001-7661-8083
Haney,Elizabeth,NO
Haniford,David B.,0009-0007-5963-682X
Hankir,Ahmed,0009-0009-6604-400X
Hanna,Lilian,0000-0003-4446-7553
Hansebout,Christopher,0000-0002-9372-1290
Haque,Anwar,0000-0002-5253-0455
Haque,Azizul,NO
Hardy,Daniel,0000-0001-5445-273X
Harle,Christopher,NO
Harms,Adam,0000-0002-1531-3574
Harney,Nick,0000-0003-4614-5566
Harris,Stewart,0000-0002-1794-6551
Harris-Schulz,Kyra,NO
Hartman,Brenda,0009-0009-8401-1340
Harvey,Geraint,0000-0001-8442-7527
Hashmi,Hiba,NO
Hassan,Raha,0000-0002-2739-9993
Hassani,Behzad,NO
Hasse,Vanessa,0000-0003-3203-9359
Hatch,John,0000-0001-7540-1739
Hatch,Kelly ,0000-0001-8388-7978
Hatchondo,Juan Carlos,NO
Hawa,Roula,0000-0001-5581-0017
Hawel,Jeffrey,0000-0002-8878-3980
Hayden,Elizabeth,0000-0002-1609-0093
He,Wenqing,0000-0002-8913-9273
Heap,David,0000-0003-1583-5759
Hearn,Alison,0000-0003-4598-0930
Heath,Matthew,0000-0001-9775-6055
Hebb,Matthew,0000-0002-9582-4314
Heckman,George,0000-0003-3847-3287
Hedberg,Yolanda,0000-0003-2145-3650
Heerey,Erin,0000-0001-6558-9563
Hegazy,Ahmed,NO
Hegele,Robert,0000-0003-2861-5325
Hein,Patricia,0000-0002-3073-6428
Heinemann,Ilka,0000-0003-1721-1667
Heinrichs,David,0000-0002-7217-2456
Heisel,Marnin,0000-0003-1727-1942
Heit,Bryan,0000-0003-2392-468X
Hekmat,Sharareh,0000-0002-7301-9496
Helleman,Krista,NO
Helou,Joelle,0000-0002-4329-7233
Helpard,Luke,NO
Helt,Andrew,0000-0002-6691-7220
Hemphill,Andrew,0000-0002-0622-2128
Henderson,Lisa,0009-0008-4558-646X
Henderson,Allison,NO
Hendrikx,Shawn ,0000-0001-7438-9440
Henry,Hugh A. L.,0000-0001-8397-6292
Henry,Devin Michael, 0000-0002-1622-4303
Hernandez de Quinones,Leonor,NO
Herrera,Jose,0000-0003-3027-0979
Hertzman,Natalie,NO
Hess,David,0000-0003-2186-3166
Hewitt,Warren,0000-0002-1721-4924
Heydon,Rachel,0000-0002-5902-7342
Hibbert,Kathryn,0000-0003-1825-6832
Hicks,Justin,0000-0003-0269-9364
Hill,Heather,0000-0001-7698-3662
Hill,Kathleen A.,0000-0002-7788-5105
Hill,Benjamin,0000-0002-5458-0106
Hill,David,NO
Hill,Jeremy,NO
Hill,Elizabeth ,0000-0002-9715-238X
Hilsden,Rich,0000-0003-3111-3182
Hinson,Riley,NO
Hiremath,Shivaprakash,NO
Hirmiz,Khalid,NO
Ho,Jenny,NO
Höbler,Fiona,0000-0001-7065-3670
Hobson,Keith Alan,0000-0002-2525-1178
Hocke,Volker,0000-0003-0644-7818
Hocking,David,000-0003-0111-8804
Hockley,William,0009-0003-6231-9770
Hodgetts,Lisa,0000-0001-7114-0738
Hodgson,Aaron,0009-0007-8359-3305
Hodgson,Jay,0009-0003-4657-6849
Hoffman,Lisa M,0000-0003-4409-5120
Hoffmann,Kristin ,0000-0003-2672-6371
Hofkirchner,Alexander,NO
Holburn,Guy,0000-0002-9739-0708
Holdsworth,David,NO
Hollett-Caines,Jackie,0000-0003-2866-5541
Holm,Anders,0000-0002-6641-3591
Holmes,Jeffrey,0000-0002-5744-8338
Hoogstra,Jason,NO
Hooper,Philip,NO
Hoover,Douglas,NO
Hopkins,Jeff,NO
Horak,Martin,0000-0001-7580-1011
Hosseini,Mohammad,0009-0006-7953-0216
Houde,Martin,0000-0003-2266-6519
House,Andrew,0000-0001-7152-6163
Houston,Claire,0009-0002-8932-3844
Howard,Malcolm,NO
Howard,Jessica,NO
Howard,James,NO
Howe,David,0000-0002-0618-8441
Howlett,Christopher,NO
Hrymak,Andy,0000-0002-9639-9786
Hsia,Cyrus,NO
Hu,Pingzhao,0000-0002-9546-2245
Huang,Yining,0000-0001-9265-5896
Huang,Shih-Han,0000-0002-0848-130X
Huang,Kitty,0000-0002-0653
Hudson,Robert,0000-0002-6530-6479
Hudson,David,NO
Huey,Laura,0000-0003-2508-9542
Hugel,Nicole,NO
Huitema,Ashlay,0000-0003-3853-537X
Hunsberger,Carol,0000-0002-2761-1333
Hunter,Susan,0000-0002-7571-3895
Hunter-Young,Nataleah,0000-0002-1892-8830
Huo,Kun,0000-0002-7114-0866
Husein,Murad,0000-0002-0805-2644
Hussain,Nadeem,NO
Hussein,Zaki,0000-0002-2970-2423
Hutnik,Cindy,0000-0001-9084-292X
Hutson,Janine,0000-0003-0828-0804
Hutter,Jeffrey L,0009-0000-6152-3284
Huynh,Elizabeth,NO
Huynh,Melissa,0000-0002-1279-9599
Hyodo,Jamie,0000-0001-5441-5410
Ibarra,Lilia Marcela,NO
Iglesias,Ivan,0000-0002-2785-4570
Igwe,Chukwuma,0009-0006-8872-5074
Ilie,Lucian,0000-0003-1856-3509
Inculet,Richard,0000-0002-5437-7378
Ingrey,Jennifer,0000-0002-9232-5501
Inman,Brant,0000-0002-6060-4485
Inocencio,Fernando,0000-0003-1557-8895
Inoue,Wataru,0000-0002-2438-5123
Iordanous,Yiannis,NO
Iqbal,Munir,0000-0003-1176-077X
Irwin,Jennifer,0000-0003-0219-4075
Isard,Roxanne ,0000-0003-0283-444X
Iseyemi,Abigail,NO
Isings,Erin,0009-0004-2025-374X
Iskhakova,Svetlana,0000-0001-7844-7601
Islam,Ali,0000-0002-4835-0259
Istasy,Victor,NO
Iyer,Hariharan,NO
Izawa,Jonathan,0000-0003-3901-7873
Jackson,Kimberley,0000-0002-6541-6213
Jacobs,Lawrence,0000-0002-6453-4082
Jacques,Rebekah,NO
Jain,Arsh,0000-0003-0048-2401
Jairath,Vipul,0000-0002-1092-0033
Jam,Amanda,0000-0002-5805-4015
Jan,Saadia,NO
Jang,Ji-Hyun,NO
Janssen,Eric,NO
Janssen,Barry,0000-0003-3063-8200
Janzen Le Ber,Marlene,0000-0003-1384-802X
Jared,Debra,0000-0002-5818-4119
Jarmain,Sarah,NO
Jeffrey,David,0000-0002-2161-6803
Jeimy,Samira,0000-0002-3425-1874
Jenkins,Mary,NO
Jenkyn,Thomas R.,0009-0001-4466-3450
Jensen,Gregory,NO
Jessani,Abbas Ali,0000-0001-7728-2067
Jevnikar,Anthony M.,0000-0002-3374-8758
Jevremovic,Tatiana,NO
Jiang,Jing,0000-0001-7078-5999
Jiang,Liying,0000-0002-4902-7154
Jiang,Dazhi,0000-0003-3245-3322
Jiang,Zhuan,NO
Jin,Jisuo,0000-0002-6109-7657
Jiron,Denis,0009-0004-4060-3348
Joanisse,Marc,0000-0002-6352-291X
Joel,Samantha,0000-0001-5919-7408
Jog,Mandar,NO
Johlin,Eric,0000-0002-2463-6252
John-Baptiste,Ava,0000-0001-6108-1105
Johnson,James A,0000-0002-4999-2974
Johnson,Andrew,0000-0002-7269-3016
Johnson,Fraser,0009-0007-3400-3487
Johnson,Tricia C,0009-0007-3780-9136
Johnson,John,NO
Johnson,James,NO
Johnson,Jennifer,NO
Johnson,Taneille,NO
Johnsrude,Ingrid,0000-0002-7810-1333
Johnston,Kevin,NO
Jones,Carol E.,0000-0001-9900-1000
Jones,Charles,0000-0001-6444-184X
Jones,Manina,0009-0002-5795-7463
Jones,Michelle-Lee,0000-0002-7466-0592
Jones,Andrew,NO
Jones,Emily,NO
Jordan,Kevin,NO
Joseph,Mariamma,NO
Joseph,Radha,NO
Joy,Tisha,NO
Junop,Murray,0000-0001-6676-5717
Kadar,Assaf,0000-0002-6806-8138
Kalia,Vibhuti,0000-0002-1091-4047
Kalia,Vishal,NO
Kalisa,Egide,0000-0001-9906-583X
Kalman,Les,0000-0002-0939-5673
Kandala,Ngianga-Bakwin,0000-0002-5654-5486
Kane,Sheri-Lynn,NO
Kang,Chil-Yong,NO
Kanjeekal,Sindu,NO
Kao,Raymond,NO
Kapalanga,Joachim,NO
Kapulkin,Krzysztof Rysza,0000-0002-8141-2554
Karagiannis,Jim,0000-0002-7901-1815
Karamanev,Dimitre G,0000-0001-6305-790X
Karaouzas,Theodosios,NO
Karas,Bogumil,0000-0002-1199-4245
Karnas,Scott,NO
Karp,Natalya,0000-0002-7847-2273
Karp,Igor,0000-0002-4223-0248
Karttunen,Mikko,0000-0002-8626-3033
Karuhanga,Jessica,0009-0007-7614-7235
Kaschor,Brenna,NO
Kashaev,Nail,0000-0002-2326-7352
Kashgari,Alia,NO
Kassam,Zahra,0000-0002-2098-1550
Katapally,Tarun,0000-0001-5765-1435
Katchabaw,Mike,0000-0001-6215-242X
Katsiris,Sandra E.,NO
Katsivo,Melanie,NO
Keep,Christopher,0009-0006-0380-9835
Keightley,Keir,NO
Keir,Daniel,0000-0002-5656-373X
Kelkar,Radhika,NO
Keller,Brian,NO
Keller,Maryam,NO
Kelly,Gregory M,0000-0001-8612-364X
Kelly,Jessica,NO
Kelton,Danielle,NO
Kempinska,Anna,NO
Kempinska Komorowsky,Anna,NO
Kene,Shimelis,NO
Keren,Daniela,0000-0002-8296-5767
Kerfoot,Steven,0000-0002-5401-0373
Kermani,Mehrdad Raji,0000-0003-0513-9485
Kerr,Michael A.,0000-0002-5930-6878
Kerr,Daryl,0000-0003-4516-9443
Kewayosh,Sally,0009-0002-2423-1973
Keyghobadi,Nusha,0000-0002-7071-1292
Khalil,Nadim,NO
Khalkhali,Masoud,NO
Khan,Ali,0000-0002-0760-8647
Khan,Tayyab,NO
Khan,Habib,NO
Khan,Mohammad,NO
Khan,Sahar,NO
Khan,Zia Ali,0000-0003-1682-5720
Khan,Imran,NO
Khanna,Reena,0000-0002-8679-2541
Khanna,Nitin,NO
Kharche,Sanjay,0000-0002-2634-4894
Khaw,Alexander,0000-0003-2173-5308
Khayat,Roger E,0000-0001-8307-7019
Khaykin,Yaariv,NO
Khokhar,Jibran,0000-0002-2169-2275
Khoodoruth,Mohamed,0000-0003-3104-7525
Kidnie,Margaret Jane,0009-0003-6166-9250
Kilgar,Jennifer L,NO
Kim,Mi Song,0000-0003-0597-9927
Kim,Michael,0009-0005-2024-7021
Kim,Kyung,0009-0003-9054-4529
Kim,George,0009-0008-6077-3132
Kim,Harold,NO
Kim,Richard,NO
Kim,Sung,0000-0002-0282-6661
King,Colin,0000-0001-9241-3758
King,Carol,NO
King,Graham,NO
Kinias,Zoe,0009-0009-2482-856X
Kinton,Leslie,0009-0006-8779-8845
Kirby,Joanne,NO
Kirk,Heather,0000-0002-3292-1416
Kirkwood,Kenneth,0000-0001-9615-4650
Kirpalani,Arjun,NO
Kiser,Patti,0000-0003-0280-1007
Kiwan,Ruba,NO
Klassen,Robert J.,0000-0002-8650-137X
Klein,Perry,0000-0001-6740-4737
Klein,Robyn,0000-0003-4507-2668
Kleinknecht,Steven,0000-0001-5067-1660
Klimchuk,Dennis,0000-0001-7478-8636
Klinghoffer,Naomi,0000-0002-2358-1931
Knabe,Susan M.,0000-0003-3505-6496
Knauer,Michael,NO
Knoll,Joan,NO
Knopf,George K,0000-0002-8696-9247
Knowles,Sarah,0000-0002-8840-6392
Kobayashi,Brenda,0000-0002-3986-8515
Kohalmi,Susanne E.,0000-0002-5852-2771
Kohler,Stefan,0000-0003-1905-6453
Koka,Hanumantha,NO
Kolahdouz Esfahani,Soheila,0009-0007-5649-9057
Kolpashnikova,Mila,0000-0001-6338-0977
Komorowsky,Andrei,NO
Konermann,Lars,0000-0002-5283-3165
Konrad,Alison,0000-0001-6231-2307
Koopman,Wilma,NO
Kopp,Gregory A,0000-0002-0784-3014
Kornecki,Anat,0000-0001-6098-2091
Korpal,Daniel,NO
Korycki,Katarzyna,0000-0002-4318-0174 
Koschinsky,Marlys,0000-0002-2643-2288
Kostal,Rande,NO
Kothari,Anita,0000-0003-1533-6976
Kotsopoulos,Donna,0000-0002-0497-2064
Kovacs,Michael,0000-0003-0123-1356
Kowalski,Katie,0000-0003-2130-652X
Krats,Peter V.,0009-0004-8160-7425
Kribs,Stewart,NO
Krishna,Lalit,NO
Kristofferson,Kirk,0000-0002-3318-0920
Kromann,Lene,0009-0008-1154-1028
Kulkarni,Swati,NO
Kulkarni,Anjali,NO
Kum,Jina,0000-0003-0549-0275
Kumar,Kamal,0000-0001-7468-7931
Kumar,Parul,NO
Kuprowski,Mark,NO
Kuruvilla,Sara,0000-0002-3931-8521
Kuzma,Tamara,0000-0003-2839-5705
Kwan,Charisse,0000-0002-2930-9816
Kwan,Keith,NO
Kyle,Rachel,NO
Laba,Joanna,0000-0002-4874-6499
Lacasse,Danielle,NO
Lacefield,James C.,0000-0002-9438-9189
Lacerte,Michel,0000-0001-9750-0826
Ladak,Hanif M.,0000-0003-4911-3340
Lagman-Bartolome,Ana Marissa,0000-0002-4859-6216
Lagugne-Labarthet,Francois,0000-0001-9882-9367
Laidley,David,NO
Laird,Dale,0000-0002-4568-3285
Lajoie,Patrick,0000-0002-1614-176X
Lajoie,Gilles,0009-0004-5424-1851
Lala,Peeyush K,NO
Lalgudi Ganesan,Saptharishi,0000-0003-1677-1320
Lalitha,Renjini,0000-0001-7745-1529
Lalonde,Emilie,0000-0002-8573-1966
Lalone,Emily,0000-0002-0946-2493
Lam,Selay,NO
Lam,Jennifer,0000-0003-2431-0858
Lam,Justin,NO
Lamarche,Jacques,0009-0008-2524-6679
Lambek,Nadia,0009-0007-2565-4878
Landau,John,0009-0000-8808-3725
Lang,Pencilla,0000-0003-3156-4450
Langille,Joanna,0000-0002-5888-7703
Langohr,G Daniel G,0000-0001-8164-0605
Lanius,Ruth,NO
Lanting,Brent,0000-0001-8176-3824
Latosinsky,Steven,0000-0002-7013-7198
Lau,Jonathan,0000-0002-8452-8915
Lau,Chloe,NO
Lavi,Ronit,0000-0003-2327-2669
Lavi,Shahar,0000-0002-6105-8084
Laviolette,Steven,0000-0001-5410-7389
Lawendy,Abdel-Rahman,0000-0002-3900-2068
Lawlis,Lisa,0009-0001-8001-3762
Lawson,Erica S,0000-0003-3110-143X
Lawson-Hellu,Late,0009-0000-3220-5244
Lazo-Langner,Alejandro,0000-0001-6869-8431
LeBel,Marie-Eve,0000-0001-6122-679X
Lebo,Matthew,0000-0003-0334-2703
Leci,Erik,0000-0002-0028-8265
Leclerc,Jean,0009-0005-5110-4402
Lee,Gabrielle,0000-0002-9560-8080
Lee,Wonkyong (Beth),0000-0002-0044-9102
Lee,Jinhyung,0000-0003-1859-3441
Lee,Deishin,0000-0002-6335-2877
Lee,Alison,NO
Lee,Monika,NO
Lee,Ting-Yim,0000-0001-7605-9752
Lee,Ching Ching,0000-0002-9333-9980
Lee,Jae-Hon,0000-0002-9490-2050
Lee,Donald,NO
Lee,Kenneth,NO
Lee,Lana,NO
Leeper,Terrence,0000-0002-6230-1592
Leeper,William,0000-0001-5135-6435
Lefcoe,Daniel,NO
Legas,Selamenesh Tsige,NO
Leger,Daniel,0000-0003-4973-1122
Legros,Alexandre,0000-0003-2532-6624
Lehmann,Wolfgang,0000-0003-3917-9979
Leibel,Esther,0000-0002-6822-6650
Leligdowicz,Aleksandra,0000-0001-6055-4644
Lemire,Nicole,NO
Lemon,Peter,0000-0002-8252-0055
Lenehan,John,0000-0002-6225-3973
Lengyell,Marguerite,0009-0005-3598-282X
Leonard,John,0009-0008-3605-0129
Leong,Yvonne,0000-0002-2876-0074
Leong-Sit,Peter,0000-0003-2952-0328
Leslie,Kenneth A,0000-0002-0509-606X
Leszczynski,Agnieszka,0000-0002-5167-0499
Leung,Stephanie,0000-0002-8880-2977
Leung,Andrew,NO
Levin,Helen,NO
Leween,Jackson,0009-0006-9763-4668
Lewell,Michael,NO
Lewis,Susan,0009-0006-2918-7405
Li,Jun,NO
Li,Bing,0000-0002-4158-4941
Li,Yanping,NO
Li,Shu,0000-0001-6901-0053
Li,Frank,0000-0001-5585-5565
Li,Shengwen,0000-0001-6525-7307
Li,Ting,0000-0001-9756-1442
Li,Yang,0000-0002-8381-7272
Li,Bo,NO
Li,Shun-Cheng (Shawn),0000-0003-3610-9035
Liboni,Lara,0000-0002-4729-7943
Licskai,Christopher,0000-0002-1675-657X
Liem,Joel,NO
Lim,Claire,0009-0007-3421-1550
Lim,Dominic,0000-0002-6897-6072
Lim,Janys,NO
Lim,Rodrick,0000-0002-7157-4963
Lin,Cheng,NO
Lin,Kangrui,NO
Lindo,Zoe,0000-0001-9942-7204
Lindsay,Robert,NO
Ling,Charles X,0000-0003-3797-1348
Ling,Hong,0000-0002-5822-8783
Lingard,Lorelei,NO
Links,Paul,NO
Liss,Ryan,0000-0002-8125-0786
Litchfield,Robert B,0000-0002-7291-2610
Litchfield,David,0000-0002-2425-6620
Little,Geoffrey,0000-0001-8467-4149
Liu,Tianlong (Taylor),0000-0003-3908-6238
Liu,Lijia,0000-0003-2439-0739
Liu,Xiaoming,NO
Liu,Yini,0000-0003-2548-6169
Liu,Selina,0000-0002-0261-0385
Liu,Jing Wen,NO
Lizotte,Daniel James,0000-0002-9258-8619
Loba Gutierrez,Georges,NO
Lochner,Lance,0009-0006-6980-8894
Lock,Michael,0000-0002-3782-4463
Lodhi,Rohit,0000-0001-5443-4443
Logan,Diane,0000-0003-0788-9087
Loh,Eldon,0000-0001-5063-4827
Lohmann,Ana,0000-0003-4147-1434
Lohse,Jana,0000-0001-8321-3340
Long,Jed,0000-0003-3961-3085
Longstaffe,Fred J,0000-0003-4103-4808
Longtin,Mario,0009-0004-3220-155X 
Lopez,Alison,NO
Loree,David,NO
Lotfy,Khaled,0000-0001-7604-8877
Lott,Catherine,0000-0003-1124-5022
Loubani,Tarek,0000-0001-8315-9954
Loubani,Eman,NO
Lough,Rodney,NO
Louzada,Martha,0000-0002-4531-7859
Loveland,Scott,0009-0002-7224-0903
Lovell,Jeffrey,NO
Lovett,Erin,0000-0001-6814-4228
Lownie,Stephen,0000-0003-4959-6725
Lu,Van,0000-0002-4880-6455
Lu,Wei-Yang,0009-0006-2208-6660
Lu,Elise,0009-0000-8998-9895
Lu,Kun Ping,0000-0002-0734-1567
Ludwig,Nathan,NO
Luginaah,Isaac,0000-0001-7858-3048
Luke,Patrick P W,0000-0002-9089-6933
Lum,P. Andrea,0000-0002-9043-9820
Luo,Yi,0000-0001-6123-9363
Lupker,Stephen,0000-0001-8847-6983
Lutfiyya,Hanan,0000-0002-5341-9388
Luti,Simone,0009-0005-9711-1579
Luyt,Leonard G,0000-0002-0941-4731
Lynch,Tim,NO
Lyons,Joseph,0000-0003-4723-2469
Lyons,Laura,NO
Lythgoe,Kristin,NO
Lyttle,Brian,NO
Macaluso,Steven,0000-0003-3847-5987
MacBean,Natasha Louise,0000-0001-6797-4836
MacDermid,Joy,0000-0001-9311-7379
MacDonald,Christine,NO
MacDonald,Steven J.,NO
MacDonald,Penny,0000-0002-1817-2383
Macdonald,Maria,0000-0002-0141-5203
MacDonald,Zack ,0009-0005-3462-553X
MacDougall,Robert,0000-0002-3362-5942
MacDougall,Keith,0000-0001-9374-3089
Macdougall,Arlene,NO
MacDougall-Shackleton,Elizabeth,0000-0002-4138-6398
MacDougall-Shackleton,Scott,0000-0001-8518-765X
MacEachern,Alan,0009-0009-9246-5481
Macfie,Sheila M.,0000-0002-7385-4459
Macias Sepulveda,Mariano,NO
Maciver,Allison,0000-0003-3393-9279
Mack,Peter,0000-0002-4738-3139
MacKenzie,Heather,0000-0001-7939-6412
Mackenzie,Constance,0000-0002-6309-074X
Mackin,Robin,0009-0005-0061-0022
Maclean,Kyle,0000-0001-7216-7633
MacLean,Alyssa,0009-0008-4016-1235
MacLeod,Mark D,0000-0003-3569-8421
MacMillan,Karen,0009-0003-0637-6236
MacMillan,J.B,NO
MacNeil,S.Danielle,0000-0001-6666-9055
Macpherson,Ewan,0000-0002-6926-1888
Madhavji,Nazim H.,0009-0006-5207-3203
Madill,Janet,0000-0001-5387-2329
Mahngar,Kevinjeet,NO
Mahon,Jeffrey L,NO
Mai,Lauren,0000-0001-8984-2113
Mailloux,Janina,NO
Mak,Michael,NO
Makar,Inas,0000-0002-4873-4076
Makaran,John,0009-0001-6226-3477
Makki,Ibrahim,NO
Mal,Sameer,0000-0002-7817-2588
Maleki Vareki,Saman,0000-0002-9615-7779
Malik,Shiraz,0000-0003-1604-2013
Malik,Ashish,NO
Malik,Prateek,NO
Malikov,George,0000-0001-5310-5541
Malka,Ashley,NO
Malkin,Albert,0000-0002-8652-6390
Malthaner,Richard A,0000-0002-3763-4838
Malvankar,Monali,0000-0001-7875-7386
Mamon,Rogemar S,NO
Mandich,Angie,NO
Mandzia,Jennifer,0000-0002-1331-0695
Mangat,Arvindpaul,0009-0007-3540-0003
Mangel,Joy,0000-0002-1364-5030
Manlucu,Jaimie,0000-0001-9968-6388
Mann,Jamie,NO
Mansukhani,Gitanjali,0000-0002-0720-0406
Mantler,Tara,0000-0003-0348-7726
Mantulak,Andrew,NO
Mantz,Elizabeth ,0009-0009-4944-9689
Mao,Haojie,0000-0002-7563-9234
Marcou,John,NO
Margolis,Rachel,0000-0002-3331-591X
Markert,Trish,0009-0001-1257-7072
Marmai,Kristine,NO
Marsh,Jacquelyn,0000-0002-5334-1453
Marshall,Carrie Anne,0000-0002-0592-7716
Marshall,Nuala,NO
Marshall,Elizabeth ,0000-0001-8729-9882
Marson,Alanna,0000-0001-8182-4914
Martin,Ruth,0000-0002-3102-6057
Martin,Margaret,0000-0001-5331-1919
Martin,Randall,0009-0009-9014-7850
Martin,Janet,0000-0002-3599-8427
Martin,Charys,0000-0002-2508-3434
Martinez-Trujillo,Julio,0000-0003-3338-578X
Martino,Wayne,0000-0002-4404-9303
Maruncic,Michael A,NO
Masse,Karly,0000-0002-2422-9438
Mather,Rookaya,0000-0002-2158-3706
Mathew,Andrew,0000-0002-7274-475X
Mathews,Maria,0000-0002-5174-104X
Mathews,John,NO
Mathieson,Natalie,0009-0001-9832-5764
Matic,Damir,0000-0002-9547-422X
Matthews,June,0000-0001-5531-8954
Mattonen,Sarah,0000-0002-8172-1074
Maurer,Cara,0000-0003-4559-0895
Maxwell,Denis P.,NO
Maxwell,Robert,NO
May,Allyson,0009-0009-0982-6347
Mayich,Michael,NO
Maznevski,Martha,0000-0001-6481-065X
Mazzetti,Ian,NO
McCabe,Gregory P,NO
McCalden,Richard,NO
McCauley,William,0000-0002-7276-6449
McClean,Marisha,0000-0003-2730-8155
McConnell,Allison,NO
McCord,Christina,0000-0002-4541-2282
McCord,David,0000-0002-2911-2212 
McCormack,David G.,NO
McCormick,John,0000-0003-3742-7289
McCurdy,Nina,NO
McDayter,Mark,0009-0002-0403-1798
McDermott,Peter,0009-0007-3003-1341
McDonald,Charlotte,0000-0002-4988-8480
McDougall,Colin,NO
McGavin,Martin,0000-0001-5955-0689
McGee,Rory,0009-0001-1795-085X
McGee,Jacob,0000-0003-3210-0682
McGlynn,Margaret,0000-0002-7092-0473
McGrath,Colleen,0000-0003-0032-8092
McGuire,Kevin,0009-0005-8933-9696
McGuire,Jennifer,NO
McGuire,John,0000-0003-0302-3884
McIlraith,Ian,NO
McIntosh,Keith,NO
McIntyre,Amanda,0000-0002-0992-0909
McIntyre,Christopher,0000-0002-3877-3135
McIntyre,Natasha,NO
McIsaac,Kenneth (Ken),0000-0001-7583-0496
McKay,Scott D,NO
McKellar,Shelley,0009-0006-3188-8913
McKelvie,Robert,0000-0001-8559-0553
McKenna,Katherine,0009-0003-5905-4425
McKenzie,Pamela,0000-0002-5753-4375
McKenzie,Francine,0000-0001-7590-1784
McKenzie,Charles,0000-0002-9614-1582
McKillop,Scott,NO
McKinley,Gerald,0000-0003-1449-2715
McLachlin,Catherine M,0000-0002-3518-7376
McLachlin,Derek,0000-0002-7810-1771
McLaren,Richard,NO
McLean,Jennifer,NO
McLean,Michelle,NO
McLean,Sarah,0000-0001-8521-8591
McLeod,John,0000-0002-2040-7540
McLeod,Carolyn,0000-0002-0258-9117
McLinden,Taylor,NO
McManus,Ruth M,NO
McMillan,Brian,NO
McMullin,Julie,0000-0003-1723-8819
McMurran,Mary Helen,0000-0001-6562-6424
McMurtry,C,NO
McNair,Susan,NO
McNamara,Jeffrey,NO
McPherson,Terry,NO
McRae,Ken,0000-0003-2341-0080
McWatt,Sean,0000-0002-2958-1756
Meakin,Susan,0000-0003-2469-6615
Medina Mardones,Anibal Maximiliano,0000-0002-0905-262X
Meert-Williston,Deborah ,0000-0002-2746-701X
Meghji,Zahida,NO
Meglei,Gabriela,NO
Megyesi,Joseph,0000-0002-5653-1455
Mehrotra,Shruti,NO
Mehta,Nirav,0000-0003-1698-836X
Mehta,Sanjay,NO
Mehta,Viraj,0000-0003-2442-8813
Meister,Darren,0000-0001-7762-053X
Meiwald,Allison,NO
Mele,Tina,0000-0002-6617-9790
Melling,James,0000-0002-7474-1886
Mendelovici,Angela,0000-0002-5496-0141
Mendes,Kaitlynn,0000-0001-5891-0451
Mendez,Adrian,0000-0002-9202-5875
Mendoza Vasquez,Eduardo,0009-0001-9644-396X
Menon,Ravi,0000-0002-7916-0263
Menor,Larry,0000-0002-0820-5639
Mensink,Paul Joseph,NO
Mequanint,Kibret,0000-0002-7888-418X
Merritt,Neil,0000-0003-1310-6114
Metchev,Stanimir,0000-0003-3050-8203
Metson,Genevieve,0000-0002-8081-2126
Meyer,John,NO
Meyer,Klaus,0000-0002-3253-9364
Meyer,Alexander,0000-0003-3342-3782
Meyer,Matthew,0009-0000-9872-4354
Mhatre,Natasha Shirish,0000-0002-3618-306X
Michaelson,Dennis,0000-0002-7395-6981
Migone,Christof,0009-0008-1994-5932 
Milani,Mostafa Khaghani,0000-0002-3386-7079
Mileg,Daniel,0000-0003-3173-0834
Milej,Daniel,NO
Milenkovic,Jovana,NO
Millard,Wanda,NO
Miller,Craig Alexander,0009-0000-2720-3199
Miller,Erin,0000-0003-2342-7747
Miller,Alan,0000-0001-6352-0650
Miller,Thomas,NO
Miller,Michael,NO
Mills,Nikki,NO
Mills,Melanie ,NO
Milne,Wm. Kenneth,NO
Milne,Kathleen,NO
Milroy,Lindsay,NO
Min,Weiping,0000-0001-7389-3194
Minac,Jan,0000-0002-9807-9604
Minda,John Paul,0000-0002-4081-010X
Mirsattari,Seyed,0000-0002-5891-6295
Misener,Laura,0000-0002-8193-3974
Misir,Amita,NO
Misurati,Mohammad,0000-0002-4331-5972
Mitchell,Marc,0000-0002-2772-9614
Mitchell,John,NO
Mitchell,Michael,NO
Mitchell,Clare,NO
Mitchell,Derek,0000-0002-5985-2801
Mithoowani,Hamid,NO
Modanloo,Shokoufeh,0000-0001-8834-7348
Moehring,Amanda Jean,0000-0002-8088-4007
Moffat,Bradley,0000-0003-1821-4800
Mohammed,Javed,NO
Mohseni Meybodi,Anahita,NO
Mohsenzadeh,Yalda,0000-0001-8525-957X
Moist,Louise,0000-0003-3875-9197
Mokhber,Naghmeh,0000-0002-3561-4243
Mokhtar,Ahmed,NO
Moll,Richard,0000-0002-8288-6305
Molnar,Sheri Elizabeth, 0000-0002-7391-9806
Moltner,Stephanie,NO
Montero Odasso,Manuel,0000-0002-5796-2361
Montgomery,Wren,0000-0002-7973-4781
Monzani,Lucas,0000-0002-3375-068X
Moodie,Sheila,0000-0001-8092-4294
Mooney,Kevin,0009-0000-0212-8591
Moore,Corey,0000-0001-7726-7465
Mora,Maria,NO
Moradi,Saber,0000-0002-5075-3110
Morash,Kevin,NO
Morbey,Yolanda,0000-0003-1719-7842
Morden,David,NO
Moreno Maza,Marc,0000-0003-3011-0756
Moresco,Angelica,0000-0002-8827-6196
Morrison,Sara,0009-0007-9264-6532
Morrison,Bruce,NO
Morrison,Stephen,0000-0002-7494-1415
Morrison,Deric,NO
Morse,Eric,0009-0001-2363-9347
Morton,J. Bruce,0000-0003-1112-0676
Mortuza,Rokhsana,NO
Moschopoulos,Gerasimos,0000-0002-8363-170X
Moser,Katrina,0000-0001-8633-5677
Moser,Desmond,0000-0001-7299-214X
Mostafa,Romel,0000-0003-1531-1146
Motolko,Michael,NO
Mottola,Michelle F.,0000-0002-8707-4656
Moulin,Dwight E.,0000-0001-9902-2418
Mount,Gillian,0000-0002-8698-5212
Mourad,Ali,NO
Moussa,Amr,NO
Moussa-Sadek,Madeleine,0000-0003-4786-6226
Mrkobrada,Marko,0000-0002-8349-4696
Muanda,Flory,0000-0003-4682-6564
Mujoomdar,Amol,0000-0002-4012-6068
Muller,Lyle Edward,0000-0001-5165-9890
Mullowney,Tara,NO
Mur,Marieke,0000-0003-1749-9058
Mura,Marco,0000-0002-2159-7083
Murgai,Aditya,0000-0002-9774-4211
Murkin,John M,0000-0002-2762-0619
Murphy,David G,NO
Murray,Laura,0000-0002-7773-1843
Murray-Davis,Beth,NO
Murrell,Donna,NO
Muscedere,Giulio,0000-0002-7803-3529
Mussen,Lauren,NO
Mutsaers,Adam,0000-0002-2185-6874
Mutumba Nakalembe,Margaret Joanita,NO
Myers,Kathryn,0009-0003-6887-1523
Myers,Mary Lee,NO
Mymryk,Joseph,0000-0002-3521-8005
Myrrha Melo,Natalia,0000-0001-7755-2311
Myrvold,Wayne,0000-0002-7033-2647
Myslik,Frank,0000-0002-2471-592X
Nabavi Nouri,Maryam,0000-0001-6317-4890
Nachnani,Mahesh,NO
Naeem,Abdul,NO
Nagamatsu,Lindsay,0000-0002-5444-8965
Nagappa,Mahesh,0000-0001-8036-3319
Nagl,Tobias,NO
Nagpal,Guneet,0000-0002-9362-9013
Nagpal,Dave,0000-0003-0446-2192
Nair,Vineet,NO
Naish,Michael D.,0000-0001-7603-7182
Najafi,Mohammad Reza,0000-0002-1652-3135
Najjar,Nouri,0000-0003-3090-9576
Nakhla,George,0009-0001-1206-1789
Namukasa,Immaculate,0000-0001-7231-0671
Nanakdewa,Kevin,0000-0002-7575-1306
Nanda,Bipin,NO
Nanwa,Natasha,0000-0001-6206-0859
Naoum-Sawaya,Joe,0000-0002-4908-225X
Naqvi,Syed,NO
Narayan,Apurva,0000-0001-7203-8698
Nash,Danielle,NO
Nasr,Enas,NO
Nasser,Abdullah,NO
Nassichuk,John,0000-0002-9835-3802
Nathans,Eli,0000-0002-4484-7540
Naudie,Douglas D.,0000-0002-7099-5619
Nault,Sheri,0009-0005-8395-2828
Navarro,Salvador,0009-0003-4202-6209
Nayak,Rahul,0000-0003-1652-0417
Naylor,Kyla,NO
Nazarov,Anthony,NO
Neeganagwedgin,Erica,0000-0001-6131-1812
Neil,Nicole,0000-0001-5906-3880
Neish,Catherine,0000-0003-3254-8348
Nelson,Andrew,0000-0001-6398-7314
Neufeld,Derrick,0000-0002-5455-0687
Newman,Stephanie,0000-0003-2231-8012
Newson,Timothy A.,0000-0002-6319-3124
Newton,Peter T.,NO
Neyers,Jason,0000-0002-5619-2799
Ng,Geoffrey,0000-0002-9413-9294
Ng,Victor,NO
Ng,Wai Pui,NO
Ngo,Michelle,NO
Ngungu,Jedrin,NO
Nguyen,Jason,0000-0001-7976-3796
Nguyen,Timothy,NO
Nicholls,Christopher,NO
Nichols,Matthew,0009-0008-9251-2375
Nichols,Anthony,0000-0002-0760-980X
Nicholson,John,0000-0003-1560-7967
Nicholson,Andrew,NO
Nicholson,Kathryn,NO
Nicolaou,Georghios,NO
Nicolle,Michael W,NO
Nicolson,Robert,NO
Nikan,Soodeh,0000-0001-8223-1571
Nikoloudaki,Georgia,0000-0001-9865-9951
Nocilla,Alfonso,0000-0003-3535-8048
Noel,James J.,0000-0003-3467-4778
Nolan,Catherine,0009-0000-1697-0317
Nonomura,Robert,0000-0002-8569-5774
Noppens,Ruediger,0000-0003-0069-579X
Norozi,Kambiz,0000-0001-8806-6183
Northcott,Sandra,NO
Norton,Loretta,NO
Nousek,Debra,0009-0009-6346-2943
Nouvet,Elysee,0000-0002-1607-3453
Nowicki,Aleksandra,NO
Ocampo Diaz,Sergio,0000-0002-5118-7552
O'Connor,Colleen,0009-0000-0208-8139
Odegaard,Fredrik,0000-0002-6013-9480
O'Donoghue,Patrick,0000-0002-9500-8640
Ogden,Kelly Anne,0009-0009-6131-4672
Ogilvie,Jacqueline,0000-0001-7198-7410
O'Gorman,David,0000-0001-6195-2644
Ohorodnyk,Pavlo,NO
Ojha,Sujata,NO
Ojha,Rahul,0000-0003-3487-0461
Olea Popelka,Francisco,NO
Olivera,Fernando,0000-0001-9894-1869
Olmstead,Craig,NO
Olson,Kelly,NO
Olson,Leanne ,0000-0001-6989-6261
O'Neil,Peggy,NO
Onwudiwe,Chinyelu,NO
Oosterveld,Valerie,0000-0002-6055-5433
Oram,Janis,0000-0002-7170-6145
Orchard,Treena,0000-0002-9660-5869
O'Reilly,Richard,0000-0002-8997-5490
Oremakinde,Adetunji,NO
O'Riordan,A. Elaine,0000-0002-1095-9683
Osinde,Lameck,0009-0005-3609-4752
Osinski,Gordon R,0000-0002-1832-5925
Osman,Said,NO
Osuch,Elizabeth,0000-0001-5946-1862
Ott,Michael,0000-0002-0816-7089
Ouda,Abdelkader Hassan Ahmed,0000-0003-3882-1763
Oudshoorn,Abram,0000-0003-0277-8724
Ouellette,Dave,NO
Oura,Emily,NO
Ouriadov,Alexei,NO
Owen,Adrian,0000-0002-5738-3765
Ower,Kate,NO
Oza,Manish,0000-0002-1807-5233
Pabedinskas,Kristina,NO
Pacini-Ketchabaw,Veronica,0000-0001-9720-2175
Page,Allyson,0000-0002-0319-028X
Pagenkopf,Brian L,0000-0002-3425-2009
Palaniyappan,Lena,NO
Palma,David A,0000-0002-9542-0627
Pamukoff,Derek,0000-0001-7636-3164
Pan,Ming,NO
Pandey,Sachin,NO
Pang,Renee,NO
Panuganty,Veera,NO
Panych,Lawrence,NO
Paradis,Josee,NO
Parfitt,Jeremy,NO
Parikh,Pulak,0000-0003-3242-3094
Park,Jonathan,0000-0001-6093-5500
Park,Sei Young,NO
Parker,Simon,0000-0001-7642-2857
Parnes,Lorne S,0000-0002-6094-2281
Parr,Jennifer,NO
Parraga,Grace,0000-0002-5619-4145
Parry,Neil,NO
Parsa,Vijay,0000-0002-4305-8347
Parsyan,Armen,0000-0003-0084-8733
Parvathy,Seema Nair,NO
Pasternak,Stephen,0000-0002-0204-0255
Patel,Rajnikant V,0000-0003-3431-4617
Patel,Saurin,0000-0002-8290-7620
Patel,Nisarg,NO
Patel,Rajnikant,NO
Patel,Serina,0000-0002-2986-6823
Paterson,Joanne ,0000-0002-3998-1470
Pathak,Seemantini,0000-0003-4225-1724
Patrick,John,NO
Patton,Petrease,NO
Paul,Arghya,0000-0003-4788-0378
Paul,Ileana,0000-0001-7528-0156
Paul,Narinder,0000-0002-1102-0125
Pautler,Stephen E,0000-0001-9281-8122
Pavlosky,William F,NO
Pavlov,Gregory,0000-0003-0094-7512
Pawelec-Brzychczy,Anna,NO
Payne,Sonja,0000-0001-9583-5673
Payne,Micheal W C,NO
Pearce,Joshua,0000-0001-9802-3056
Pearson,WG,0000-0003-2028-0743 
Peck,David J,NO
Peddle,Michael,0000-0003-3207-8710
Pedroso Estevam de Souza,Camila,0000-0002-4465-5792
Peeters,Els,0000-0002-2541-1602
Pellegrino,Giovanni,0000-0002-1195-1421
Pelz,David M,0000-0002-7669-7313
Pemberton,Joshua George,0000-0002-1492-1471
Penava,Debbie,0000-0003-1666-500X
Peng,Jonathan,0000-0003-4164-3654
Peng,Tianqing,0000-0002-5199-9016
Penner,Gregory,0000-0002-7153-0426
Pennesi,Karen,0000-0002-4093-185X
Penuela,Silvia,0000-0003-4829-5517
Percival-Smith,Anthony,NO
Perera,Francisco,NO
Perinpanayagam,Hiran,0000-0001-6484-5932
Pero,Allan,0009-0006-4309-4512
Peters,Sue,0009-0004-8245-5558
Peters,Terence,NO
Petrella,Rob,NO
Petrin,Martin,0000-0001-7790-3628
Pettit,Krista,0000-0002-9478-9051
Pexman,Penny,0000-0001-7130-0973
Philip,Shona,0000-0002-4209-5779
Phillips,Lora,0000-0002-7487-3221
Phillips,Timothy,NO
Phua,Chai,0000-0002-3311-9169
Phung,Linh,NO
Pickering,J. Geoffrey,0000-0001-6474-3274
Pieruccini Faria,Frederico,NO
Pila,Eva,0000-0001-5175-4329
Pillai,Aiswarya,NO
Pillon,Sylvia,NO
Pilon,Sarah,NO
Pin,Christopher,0000-0002-1245-1058
Pinsonnault,Martin,0000-0003-2313-3378
Pitel,Stephen,0009-0008-5258-3419
Pjontek,Dominic,0000-0002-2709-5340
Plater,Emma,0000-0001-6997-1743
Plemel,David,NO
Plouffe,Rachel,NO
Plug,Jan,0009-0002-0038-6022
Poepping,Tamie,0000-0002-4953-5204
Pogorzelski,Randall,0009-0002-2036-5886
Poire,Francois,0009-0004-8270-8789
Pollock,Katina,0000-0002-6440-8609
Polouchine,Ilia,0000-0001-6453-4632
Polzer,Jessica,0000-0002-5785-1776
Ponich,Terry,0000-0002-1252-2717
Poolacherla,YuvaRaju,0000-0002-7691-0962
Poolacherla,Vasavi,NO
Poon,Art,0000-0003-3779-154X
Poonai,Naveen,0000-0003-1540-0413
Pope,Janet,0000-0003-1479-5302
Pottie,Kevin,NO
Potvin,Kylea,NO
Powe,Laura,NO
Power,Christopher,0000-0003-2389-4214
Power,Adam,NO
Power,Nicholas,0009-0009-5591-2174
Prado,Vania,0000-0003-4994-6393
Prado,Marco,0000-0002-3028-5778
Prager,Ross,NO
Prakash,Anand,0000-0003-4782-5125
Prakash,Ajay,NO
Prapavessis,Harry,0000-0003-0636-7316
Prasad,Chitra,0000-0001-6007-7251
Prasad,Asuri,0000-0002-6057-1038
Prato,Frank,NO
Preti,Beatrice,NO
Price,Aaron David,0000-0002-1799-0755
Price,Laura,NO
Price,April,0000-0001-7994-8715
Pride,Tara,0000-0002-7989-2106
Primak,Serguei,NO
Pripotnev,Stahs,0000-0002-0880-6725
Prodger,Jessica,0000-0003-0805-4196
Proulx,Alain,NO
Provost,Serge,NO
Pruszynski,Jedrzej (Andrew),0000-0003-0786-0081
Psygkas,Athanasios (Akis),0000-0001-6257-3806
Puente,Sara,NO
Puentes Beltran,Wilfredo,0000-0003-4757-694X
Puka,Klajdi,NO
Pun,Hubert,0000-0002-9462-170X
Purac,Selma,0009-0004-3168-8263
Purcell,David,0009-0003-7901-6530
Purdy,Lyn,NO
Purkis,James,NO
Putzer,Darryl,NO
Puvirajah,Anton,0000-0001-5581-910X
Pyati,Ajit,0000-0003-1134-0118
Pyne,Michael E.,0009-0001-2878-9686
Qi,Zhen,NO
Qiabi,Mehdi,0000-0001-9428-1904
Qu,Xuanlu,0000-0003-3834-0601
Quan,Douglas,0000-0002-9982-3159
Quan-Haase,Anabel,0000-0002-2560-6709
Quantz,Mackenzie,NO
Querney,Jill,NO
Quinn,Joanna,0000-0002-5989-9933
Quinn,Jason,NO
Quinones-Mateu,Miguel,0000-0001-9170-5601
Quinonez,Carlos,NO
Quintanilla,Felipe Quetzalcoatl,NO
Quirk,Anne (Daniel) ,"
0000-0003-3137-856X"
Qumosani,Karim,0000-0001-9446-2983
Rachinsky,Irina,0000-0002-1858-568X
Rachinsky,Maxim,NO
Racosta,Juan,0000-0003-3637-2829
Radcliffe,Vaughan,0000-0003-4882-1484
Rafat,Yasaman,0000-0002-8983-9405
Ragogna,Paul J.,0000-0003-2727-7635
Rahimi Shahmirzadi,Mohammadreza,0000-0002-2410-6788
Rahman,Quazi Mehbubar,0009-0008-3693-6763
Rahman,Adam,NO
Rahman,Hiba,NO
Rahrovani,Yasser,0000-0002-9196-3835
Railton,Craig,0000-0001-8270-7779
Raine,Michael,0009-0001-6069-2323
Rajakumar,Nagalingam,0000-0002-1432-1345
Rajaram,Prashant,0000-0002-8638-3772
Rajarathinam,Manikandan,0000-0002-9292-6614
Rakhimbekova,Sabina,0000-0002-4588-6920
Ramachandran,Rithwik,0000-0001-9557-9905
Ramanarayanan,Ananth,0000-0003-1287-5966
Ramos,Howard,0000-0002-7174-9487
Ramsay,Mark,0009-0008-9722-6722
Ramsewak,Darryl,NO
Randall,Melanie,0000-0002-8432-7689
Randhawa,Shubreet,0000-0001-8781-8371
Ranger,Adrianna,NO
Rao,Raveendra,0000-000-5442-347X
Rao,Jay,NO
Raphael,Jacques,0000-0002-9484-0224
Rasoulinejad,Parham,0000-0002-3031-2633
Ratzki-Leewing,Alexandria,NO
Rawski,Shannon,0000-0001-6581-1443
Ray,Ajay Kumar,0000-0003-4814-6482
Ray,Madhumita Bhowmick,0000-0003-3549-0428
Rayner,Mark,0000-0002-7760-6532
Rayner,Jennifer,NO
Raz,Gal,0000-0003-4985-400X
Raz,Mazi,0009-0002-4995-6612
Razvi,Hassan,0000-0002-6462-1119
Read,Nancy,NO
Reardon,Rachel,NO
Rebel,Margaretha,NO
Redden,Joanna,0000-0002-9480-0951
Reddy,Ramesh,NO
Redfearn,Sarah,NO
Redvers,Nicole,0000-0001-8521-2130
Reed,John,0009-0006-4880-1212
Regan,Kelly,0000-0001-5802-5954
Regnault,Timothy,0000-0003-1930-8358
Rehman,Umair,0000-0001-7716-6509
Rehman,Faisal,NO
Rehmann,Lars,0000-0003-3463-6405
Reichert,Sonja,0000-0003-3914-7010
Reid,Gregory J.,NO
Reid,Graham,0000-0003-2139-0901
Reisman,William,0009-0006-6440-0179
Reiss,Jeffrey,NO
Ren,Jiandong,NO
Renaud,Stephen,0000-0001-7257-5354
Rennison,Valerie,NO
Renwick,Robert,0009-0006-1731-1982
Restrepo,Felipe,0000-0002-7630-441X
Reyhani-Masoleh,Arash,0000-0001-9743-6975
Rezaei Ardani,Amir,0000-0002-8495-1086
Rezai-Rashti,Goli,0000-0003-2931-2385
Rhoden,Nancy,0009-0000-5429-580X
Ribeiro Juncal Mendez,Verena,0000-0001-8559-540X
Riccio,Patricia,0000-0002-5561-5278
Rice,Amy,NO
Rice,Charles L.,0000-0002-5323-6979
Richard,Julie,NO
Richardson,Colleen,NO
Richardson,Christine,NO
Richardson,J Donald,0000-0002-2927-6735
Richmond,Chantelle,0000-0002-8944-9669
Rieder,Michael J.,0000-0003-3079-2873
Riggan,Morgan,0000-0001-6214-952X
Riley,David Michael,NO
Ritchie,Warren,NO
Riveros,Augusto,0000-0002-9942-6380
Rivers,David,0009-0001-5936-8235
Rizkalla,Amin S.,0000-0003-0548-3817
Rizvi,Syed,NO
Roberts,Angela,0000-0002-9226-8009
Robertson,Jennifer,0000-0001-9402-9629
Robertson,Kirsty,0000-0002-3518-9267
Robertson,Kara,NO
Robin,Alena,0000-0003-3997-1472
Robinson,Clare,0000-0002-6156-2328
Robinson,Daniel,0009-0002-5576-6460
Robinson,Baxter,0000-0001-5150-6720
Rodger,Susan,NO
Rodrigues,George,0000-0002-7174-4280
Rodrigues Fernandes,Renan Jose,0000-0002-4188-1882
Roebotham,Roy,NO
Rogan,Peter,0000-0003-2070-5254
Rogers,Kem,0000-0002-6234-2634
Rohani,Sohrab,0000-0002-1667-1736
Rohani,Seyed Alireza,NO
Rohekar,Gina,NO
Rohekar,Sherry,0000-0001-8949-4198
Roland,Sophie,0009-0008-6854-9733
Romero Sanchez,Griselda Teresa,NO
Romsa,Jonathan,NO
Ronald,John,0000-0003-3665-173X
Rosenbusch,Nina,0009-0008-2086-3117
Roshanov,Pavel,0000-0003-3908-1955
Ross,MacIntosh,0000-0003-2811-917X
Ross,Sarah,NO
Ross,Douglas,NO
Ross,James,0000-0002-0012-6063
Ross,Ian,NO
Rostas,Bradley,NO
Rotas,Nikki,0000-0003-1655-1512
Rotenberg,Brian,0000-0003-0258-3142
Roth,Kathryn,0000-0002-1389-2576
Rothbauer,Paulette,0000-0001-8344-4026
Roukema,Henry,0000-0001-5932-8121
Roulston,Christine,0000-0001-5295-738X
Rowlinson,Matthew,0009-0007-4500-2973
Rubaiyyat,Tania,NO
Rubin,Victoria,0000-0003-3610-9967
Rudman,Debbie,0000-0002-5486-8994
Rushlow,Walter,NO
Rushton,Alison,0000-0001-8114-7669
Rutledge,Angela,0000-0001-9106-316X
Ryan,Bridget,NO
Rybak,Iouri(Your),NO
Rylett,Jane,0000-0002-9158-9599
Saadaldin,Selma,0000-0002-0151-122X
Sabarinathan,Jayshri,0000-0003-3949-6712
Sabharwal,Amarpreet,0000-0002-9444-837X
Sadek,Mouhannad,NO
Sadhu,Ayan,0000-0001-5685-7087
Sadikovic,Bekim,0000-0001-6363-0016
Sadkhan,Hussein,0000-0002-1366-0564
Sadrekarimi,Abouzar,0000-0001-8766-7120
Saeed,Huma,NO
Safdar,Hira,NO
Saini,Lalit,NO
Sakaluk,John,0000-0002-2515-9822
Sakihotowin,Awasis,0000-0001-9133-3406
Saksida,Lisa,0000-0002-8416-8171
Salcedo,Bruno,0000-0002-6328-5918
Saleh,Maha,0000-0003-0371-8539
Salem,Bilal,NO
Salim,Hatem,NO
Salman,Lina,NO
Samani,Abbas M.,0000-0002-9352-0587
Samarabandu,Jagath K.,0009-0006-58716548
Sanatani,Michael,0000-0002-2423-7171
Sanders,David W,NO
Sandhu,Amin,NO
Sandomierski,David,NO
Sandre,Aislinn,0000-0003-2317-0929
Sangha,Gurinder,0009-0008-3629-6065
Sangle,Nikhil,0000-0003-1272-6143
Santos,Maria Jacinta,0000-0001-8942-7091
Santos,Gildo,0000-0001-9876-3898
Sapp,Stephen,NO
Sarma,Sisira,0000-0001-9174-765X
Sathiadoss,Paul,0000-0002-7460-0469
Satti,Mohamed,0000-0001-5688-7307
Sattin,Michael,0000-0003-2539-095X
Savory,Eric,0000-0001-9285-1408
Savundranayagam,Marie,0000-0002-3911-1854
Scallan,Oonagh,NO
Schabrun,Siobhan,0000-0002-9083-3107
Schaffer,Scott,0000-0002-1508-5495
Schaly,Bryan,NO
Schappert,Andrew,NO
Schaufele,Brandon,0000-0003-1281-141X
Scheffer,Julian,0000-0001-8216-193X
Schemitsch,Emil,0000-0002-6435-9069
Schild Poulter,Caroline,0000-0001-9943-9942
Schincariol,Robert A,NO
Schlachta,Christopher M.,0000-0003-3685-2558
Schmid,Susanne,0000-0001-5366-8061
Schmidt,Jordan,NO
Schmidt,Melanie,NO
Schmidt,Larry G,NO
Schmitz,Taylor,0000-0003-0585-7524
Schneider,Angela,NO
Schneider,Aaron,0009-0002-0479-3864
Scholl,Timothy,0000-0002-0807-363X
Schotter,Andreas,0000-0002-9867-5086
Schreier,Gil,NO
Schulz,Valerie,NO
Schulz,Cassandra,NO
Schumacher,Frank,NO
Schuster,Joshua,0009-0005-0894-676X
Schuurman,Anne,0000-0002-6486-7303
Schwarz,Ute,0000-0003-1569-1580
Schwerdtner,Karin,0009-0004-0514-1838
Scollie,Susan,0000-0002-2207-5279
Scott,Katreena,0000-0002-8521-810X
Seabrook,Jamie,0000-0003-4297-6450
Sebbag,Ilana,0000-0002-8957-5286
Secco,Richard A.,0000-0001-5029-659X
Sedano Munoz,Rocio,0000-0002-3311-638X
Sedig,Kamran,0000-0002-6970-5469
Sedran,Robert J.,NO
Seelisch,Jennifer,0000-0002-2187-0051
Seemann,Natashia,0000-0002-4970-6704
Seesahai,Judy,0000-0003-0187-5151
Sefein,Osama,NO
Segeren,Allison ,0000-0003-3881-2760
Seguin,Cheryle,0000-0001-6503-9107
Sehl,Olivia,NO
Sehmbi,Herman,0000-0002-3558-8962
Seijts,Gerard,0000-0003-2448-0646
Seijts,Jana,NO
Seminowicz,David,0000-0003-3111-3756
Sen,Mithu,NO
Sendov,Hristo S,NO
Sendova,Kristina Paskova,0000-0001-7367-1911
Sendzikas,Aldona,0009-0001-4269-6814
Sener,Alp,0000-0002-8305-0876
Sengupta,Neil,NO
Sequeira,Keith,0000-0002-1429-800X
Serajeddini,Hana,0000-0003-1977-6979
Sethna,Mia,NO
Sey,Michael,0000-0002-0337-2366
Shafikov,Rasul,NO
Shah,Ushma,0000-0002-5630-5124
Shah,Amit,NO
Shahil-Feroz,Anam,0000-0003-0180-0213
Shalhoub,Sarah,0000-0001-6988-4367
Sham,Tsun-Kong,0000-0003-1928-6697
Shami,Abdallah,0000-0003-2887-0350
Shanmugalingam,Aturan,0000-0003-1685-4177
Sharen,Colleen,0000-0003-1472-5240
Sharma,Manas,0000-0003-0947-1282
Sharma,Verinder,0000-0002-9885-8245
Sharma,Ajay,NO
Sharma,Anurag,0000-0003-4341-9613
Sharon Priel,Tal,NO
Shatzmiller,Maya,NO
Shaw,Lynn,0000-0001-7317-3891
Shaw,Gary,0000-0002-4685-9625
Shaw,Saurabh,NO
Shchepetkina,Alina,NO
Shcherbakov,Robert,0000-0002-3057-0851
Shea,Cory,NO
Shea,Misha,NO
Sheidow,Thomas G.,0000-0001-6370-1857
Sheikh,Shahbaz,NO
Shelley,Jacob,0000-0003-2432-9874
Shepherd,Lisa,NO
Shepherd,Trevor,0000-0002-1853-8066
Sherrin,Christopher,0009-0008-8506-8368
Shewfelt,Devon,NO
Shi,Harvey,0000-0003-2477-9795
Shi,Yaqi,0000-0001-8708-1963
Shieh,Sean,NO
Shilton,Brian,0000-0001-7949-8160
Shimizu,Michael,NO
Shire,Laurel,0009-0009-1741-9389
Shkrum,Michael J,0000-0003-1124-0125
Shmuilovich,Olga,0009-0004-3397-2874
Shoemaker,Kevin,0000-0002-6794-5979
Shoemaker,Gerard J,NO
Shoesmith,Christen,0000-0003-2472-3804
Shooshtari,Parisa,0000-0003-2273-1034
Shrubsole,Daniel,0009-0002-3374-4367
Shuey,Kim,0000-0002-0832-1007
Shuster,Jeremiah Paul,0000-0002-9839-6618
Sibbald,Shannon,0000-0002-4328-6489
Sica,Robert J,0000-0003-2964-1664
Sich,Christy ,0000-0002-2515-0676
Sich,Dan,0000-0003-0062-0050
Sidahmed,Abubaker,0009-0004-6301-0529
Siddiqi,Fawaz,0000-0002-9247-6887
Siddiqui,Kamran,0000-0002-1098-8812
Sigut,Thomas A.,NO
Silverman,Michael,0000-0002-0389-7656
Simon,Anne,0000-0002-6509-4541
Simpson,Bonnie,0000-0003-3929-8935
Simpson,Erika,0000-0002-1774-6285
Simpson,Dave,NO
Simpson,Andrew,NO
Sinclair,Brent J,NO
Sinel,Zoe,0000-0003-1763-5056
Singh,Mahi R,NO
Singh,Krishna,0000-0002-6097-8401
Singh,Indu,0009-0004-0351-1380
Singh,Anita,NO
Singh,Ram Nivas,NO
Singh,Supriya,NO
Singh,Bhagirath,NO
Singh,Sarah,NO
Sinnamon,Gordon J,0009-0004-6293-456X
Sir,Il Kweon,NO
Sirek,Danielle,0000-0002-0080-491X
Sirek,Adam,NO
Siu,Sam,0000-0002-1104-3669
Siu,Victoria,0000-0003-0151-8111
Sivakumaran,Lojan,0000-0002-3163-0430
Skanes,Allan,0000-0001-8332-8551
Skaro,Anton,0000-0002-9215-647X
Skelton,Anthony,0000-0003-0052-7243
Skirzewski Prieto,Miguel,NO
Skoretz,Terry,NO
Slessarev,Marat,0000-0003-1181-0706
Sliwinski,Sharon,0000-0001-5729-0668
Slomer,Adam,0000-0002-5479-4366
Smart,Laura J.,0000-0001-6885-721X
Smeenk,Christopher,0000-0002-6101-0048
Smeltzer,Sandra,0009-0002-5169-0032
Smith,Maxwell,0000-0001-5230-0548
Smith,Sarah,0000-0002-3405-0079
Smith,David H,0000-0001-9560-5210
Smith,Stuart,NO
Smith,Shane,NO
Smith Fullerton,Romayne,0009-0001-1463-0439
Smye,Victoria,0000-0001-6588-4925
Sneppova,Daniela,NO
Snir,Jonatan,NO
So,Aaron,NO
Soddu,Andrea,0000-0001-6833-745X
Solga,Kim,0000-0002-2993-3360
Solh,Ziad,0000-0002-1518-1831
Solis-Oba,Roberto,0000-0002-7518-4161
Solitano,Virginia,NO
Solomon,Robert,0000-0001-9169-7656
Some,Nibene,NO
Sommerfreund,R,NO
Song,Yang,0000-0001-7853-3737
Sontrop,Jessica,NO
Sooy,Matthew,0000-0002-6598-8828
Southen,Jonathon Michael,0009-0002-6332-0987
Sovran,Laura,NO
Sowerby,Leigh,0000-0002-5825-2759
Spaic,Tamara,0000-0002-7161-1752
Specht,Jacqueline,0000-0002-6536-1232
Speechley,Mark R.,0000-0002-7563-8709
Speechley,Kathy N.,NO
Spence,J. David,0000-0001-7478-1098
Spicer,Erin,0000-0001-9857-4069
Spinelli,Egidio,0000-0002-8955-4426
Spivak,Israel,NO
Spong,Stephen ,0009-0007-4043-9893
Sposato,Luciano,0000-0001-6425-9343
Spouge,Alison,0000-0002-8447-1242
Sprengler,Christine,0000-0002-5827-1722
Sridhar,Kumar,NO
Srivastava,Prachi,0000-0003-4865-8963
St Laurent,Aaron,0000-0003-0099-0502
St Lawrence,Keith,0000-0001-8022-8205
Stahl,Matthew,0000-0002-4927-039X
Stainton,Robert,0000-0001-6661-8266
St-Amand,Marc,0000-0002-0704-6250
Stanley,Kate,0009-0009-4211-1212
Stanley,Meagan ,0000-0003-1719-182X
Stanton,Susan,0000-0001-9595-4269
Staples,James Francis,NO
Stark,Luke,0000-0002-2537-846X
Starling,Jana,0009-0000-8648-4699
Staroverov,Viktor N,0000-0002-6828-3815
Stathopulos,Peter,0000-0002-0536-6656
Steele,Warren,0009-0003-7079-0167
Steele,Margaret,0000-0001-6256-5267
Steele,Shawn,NO
Stein,Mitchell,0000-0001-6800-9499
Stein,Robert,0009-0009-7294-2818
Stein,John,NO
Steinbock,Bernd,0009-0009-8919-9960
Steinfield,Laurel,0000-0002-4981-2881
Stentoft,Lars,0000-0003-0655-1455
Stephenson,Laura,0000-0003-3526-8624
Steven,David,0000-0002-0392-8950
Stevenson,Ryan,0000-0003-1037-7736
Stevic,Ivan,0000-0002-4066-216X
Stewart,Shannon,0000-0002-6480-883X
Stewart,Paul,NO
Stewart,Moira A.,NO
Stillman,Martin J,0000-0001-6799-7560
Stinebrickner,Todd,0009-0000-7886-072X
Stock,Jay,0000-0003-0147-8631
Stodilka,Robert,0000-0002-9501-9032
Straatman,Anthony G.,0000-0003-2857-8755
Stranges,Saverio,0000-0001-5226-8373
Streeter,Thomas,0000-0002-5274-981X
Streufert,Peter,0000-0003-4197-7697
Strong,Michael,0000-0003-1988-6262
Strychowsky,Julie,0000-0001-5460-3155
Sturby,Christopher,NO
Su,Ning,0000-0002-4050-2764
Suarez,Juan-Luis,0000-0001-9302-2986
Subramani,Yamini,NO
Subramanian,Priya,NO
Sudhakaran Nair,Gopakumar,0000-0002-5529-6537
Sugimoto,Akira,NO
Suh,Nina,NO
Sukhan,Tiara,0009-0003-8294-9980
Sukhera,Javeed,NO
Suksi,Aara,0000-0002-6041-0752
Suljak,John,0009-0000-1340-5988
Suller Marti,Ana,0000-0002-8421-1125
Sullivan,Michael,0009-0002-2813-1312
Sullivan,Jacqueline,0000-0003-3042-4632
Sultan,Nabil,NO
Sumiya,Fernando,0000-0002-6093-9701
Sun,Dongmei,0000-0001-6823-7176
Sunseri,Lina,0009-0005-2309-9810
Surry,Kathleen,0000-0002-5970-0277
Suskin,Neville,0000-0002-5456-1351
Sutherland,Duncan,NO
Suvorov,Ruslan,0000-0003-2736-5205
Swartzman,Leora,NO
Swiha,Mina,0000-0003-3405-7497
Sylvestre,Stephan,NO
Symonette,Caitlin,0000-0003-0929-6146
Symons,Yahui,0000-0001-6094-2954
Symons,Frank,0000-0001-9833-4807
Szekeres,Mike,0000-0003-0338-0718
Szoke,Daniel,NO
Taabazuing,Mary-Margaret,NO
Tachibana,Ricardo,0009-0003-6899-9228
Taheri,Sepideh,0000-0003-3412-2164
Tajima,May,NO
Takhar,Jatinder,NO
Tanaka,Peter,NO
Taneja,Ravi,0000-0002-5361-9208
Tang,Yili,0000-0002-5343-6823
Tang,Anthony,0000-0003-3056-3114
Tang,Ephraim,0000-0002-2392-3380
Tang,Jingyang,NO
Tararova,Olga,0000-0002-1606-9497
Tarc,Paul,0000-0001-8526-343X
Tarquino,Lisa,NO
Tassi,Ali,0000-0001-6457-8889
Taves,Donald H,NO
Tawfic,Qutaiba,0000-0002-8566-9891
Tawiah,Andrews,0000-0002-6862-7796
Tay,Keng Yeow,0000-0001-6101-3065
Taylor,Zack,0000-0001-9372-2704
Taylor,Michael,NO
Taylor,Jay,NO
Taylor,Taryn,0000-0003-0562-5045
Taylor (Shelley K. Taylor),Shelley,0000-0001-9387-0424
Tchoukaleyska,Roza,0009-0009-6349-6211
Teachman,Gail,0000-0003-1892-5792
Teare,Georgia,0000-0002-0145-0578
Teasell,Robert,0000-0002-2644-7957
Teefy,John,NO
Teefy,Patrick,0009-0009-5311-2018
Teeter,Matthew,0000-0002-3911-3171
Tekpetey,Francis,NO
Telfer,Thomas,0009-0005-6130-8783
Tennant,Jeff,0009-0006-0725-0266
Teriaky,Anouar,0000-0002-5785-0415
Terry,Amanda,0000-0002-8157-8298
Thain,Elizabeth,NO
Thain,Andrew,0000-0001-9226-7295
Theberge,Jean,0000-0001-7578-4469
Theurer,Julie,0000-0001-9790-680X
Thiessen,Jonathan,0000-0001-6132-3020
Thind,Amardeep,NO
Thomas,Raymond,0000-0002-3078-2352
Thomas,Leslie,NO
Thompson,Graham,0000-0002-6781-4186
Thompson,Bobbi,0009-0001-6064-3687
Thompson,Charles,NO
Thompson,Keith A,NO
Thompson,R.Terry,NO
Thompson,Kristi ,0000-0002-4152-0075
Thomson,Michael,NO
Thorn,Richard Gregory,0000-0002-7199-6226
Thornley,Patrick,0000-0001-8777-2983
Thornton,Jane,0000-0002-3519-7101
Thume Breda,Vitor Carlos,0000-0002-1349-5220
Tietbohl Martins Q dos Santos,Barbara,NO
Tijssen,Janice,0000-0003-0630-6169
Timmins,Peter,0009-0004-8148-3709
Tingey,David P,NO
Tippett,Marisa ,0000-0002-7887-5603
Tirona,Rommel,0000-0001-5455-3960
Tithecott,Gary,NO
To,Eric,NO
Todorovich,Sydney,0009-0008-8377-8657
Toft,Robert,0000-0002-6782-0703
Tole,Soumitra,0000-0001-5804-3116
Tong,Joy,0000-0003-3210-2100
Tong,Maya,0000-0002-6110-5477
Tongarlak,Hayri,0000-0002-4812-2539
Torti,Jacqueline,0000-0003-4518-0255
Toswell,Margaret Jane,0000-0002-3552-0474
Townsend,Cassandra,0000-0002-4706-6168
Tran,John,NO
Trejos,Ana Luisa,0000-0002-3616-2891
Tremblay,Paul ,0000-0002-5291-9153
Tribe,Lauren Anne,0009-0004-1654-7323
Trichtchenko,Olga,NO
Trombley,Jeremy,NO
Troyer,Ryan,0000-0001-8908-5853
Tryphonopoulos,Panagiota,0000-0002-2040-119X
Tryphonopoulos,Peter,0000-0002-1242-0307
Tsang,Bernice,NO
Tsui,Alice,0000-0003-0755-0032
Tsvetkova,Elena,NO
Tucker,Trish,0000-0002-8392-9418
Tugaleva,Elena,NO
Turgeon ,Mathieu,0000-0003-0134-4027
Turkel,William,0000-0003-4734-9894
Turkstra,Timothy,NO
Turley,Eva,0000-0002-7383-4896
Turski,Daniel,NO
Tutunea-Fatan,O. Remus,0000-0002-1016-5103
Tweedie,Edward J,NO
Twynstra,Jasna,0000-0001-9216-6152
Tyml,Karel,NO
Tzemos,Nikolaos,0000-0002-3204-3676
Unger,Janelle,0000-0001-6731-2728
Unsal,Gurkan,NO
Urquhart,Brad,0000-0001-8324-1472
Usher,Ann Kathryn,NO
Uwizeye,Glorieuse,0000-0002-3255-2155
Vafaei,Afshin,0000-0002-3605-409X
Vaillancourt,Daniel,0009-0009-1270-2580
Valcke,Patricia,NO
Valdis,Lauren,NO
Valdis,Matthew,0009-0007-4951-8942
Valiquet,Stacey K,NO
Vallejo Vera,Sebastian,0000-0002-5848-7400
Van Aarsen,Marcus,0000-0002-8360-1113
Van Dam,Darren,NO
Van Deven,Teresa,NO
Van Doormaal,Curtis,NO
Van Hedger,Kathryne,NO
Van Koughnett,Julie Ann,0000-0002-8774-2191
van Mil,Spencer,NO
Van Uum,Stanislaus,NO
VanBussel,Elisabeth,NO
Vance,Jonathan F.,0009-0007-1176-3774
Vandenberg,Ted,NO
VanderEnde,Jordan,0000-0002-6463-7145
Vandewalle,Philip,NO
VanDoormaal,Curtis,NO
VanHooren,Tamara,NO
Vannelli,Antonio,NO
Varapravan,Sreelatha,NO
Varma,Rajiv,0000-0001-6034-1200
Vasarhelyi,Edward,0000-0001-9942-9605
Vasudev,Kamini,0000-0002-1832-0008
Veldhuizen,Rudolf A.,0000-0002-8802-1580
Velker,Vikram,NO
Veloso de Aila Chaves,Daniel,0000-0002-7090-2486
Venance,Shannon,0000-0003-4146-2263
Venkatesan,Shyam,0000-0003-3828-5788
VenKatesan,Varagur,0000-0002-3399-8079
Venkateswaran,Sunita,0000-0002-7000-6710
Vera,Dusya,0000-0003-0462-2336
Verberne,Yvon LM,0000-0002-7150-5976
Vergel de Dios,Jennifer,0000-0003-1315-3316
Verwaayen,Kimberly J,NO
Veselka,Livia,0000-0002-9959-3007
Vezina,William C,0000-0002-6957-9036
Viana,Ricardo,NO
Vickers,Patricia,NO
Vickress,Jason,0000-0002-6945-4479
Viczko,Melody,0000-0002-7113-9224
Vidotto,Francesca,0000-0002-9883-0808
Viger,Christopher David,0000-0003-3391-0775
Vilos,Angelos,0000-0003-0899-0187
Vilos,George,0000-0002-2007-8791
Vincent,Mark D,0000-0001-9551-2831
Vingilis,Evelyn,NO
Vissa,Deepti,0000-0001-5823-0878
Visser,Alie,NO
Viswanathan,Pooja,0000-0001-9115-4651
Vo,Thin,0000-0002-2131-5701
Vogel,Annette-Barbara,0009-0004-7452-2976
Vogt,Kelly,0000-0002-3812-2703
Voogt,James,0000-0002-7975-0052
Vora,Tushar,NO
Wahl,Linda M.,NO
Waite,Sean,0000-0002-6045-291X
Wakeham,Pauline,0009-0003-9624-9491
Walker,Cyril,NO
Walsh,Andrew,0000-0001-6384-214X
Walsh,Joanna,NO
Walton,David,0000-0001-9155-3337
Walton,Paul A.,0009-0003-6978-0770
Wang,Jin,0000-0001-9536-6432
Wang,Xianbin,0000-0003-4890-0748
Wang,Boyu,0000-0002-6108-3589
Wang,Jinfei,0000-0002-8404-0530
Wang,Peter,NO
Wang,David,NO
Wang,Rennian,0000-0002-6109-5029
Wang,Luojun,NO
Ward,Michael,NO
Ward,Aaron,0009-0006-5064-9926
Ward,Leanne,NO
Wardhaugh,Robert,0009-0004-5113-2473
Warnock,Jeffrey,NO
Warrington,James,NO
Waterman,Bradley,NO
Waters-Rist,Andrea ,0000-0003-1807-3171
Wathen,Nadine,0000-0003-2646-2919
Watkiss,Lee,0000-0002-4959-8213
Watling,Christopher,NO
Watling,Mark,NO
Watson,Kevin,0000-0002-7210-607X
Watson,James T,NO
Watson,Andrew J.,NO
Waugh,Courtney L.,"
0000-0003-2332-123X"
Webb,Stuart,0000-0002-8297-4997
Webb,Elizabeth,0009-0007-4983-542X
Webster,Fiona,0000-0002-7318-7713
Weese,Jim,0000-0001-7162-9111
Wehrli,Bret,0000-0001-8816-6053
Wei,sharon,0009-0004-1520-4337
Weijer,Charles,0000-0002-5510-1074
Weil,Mary,NO
Weir,Matthew,0000-0001-6736-603X
Weir,Michele,NO
Weis,Tony,0000-0002-0236-8218
Welch,Stephen,0000-0003-1455-4664
Welk,Blayne,0000-0001-7093-558X
Wells,Jennie L,0000-0003-1368-3704
Welsh,Donald,0000-0001-5174-186X
Weststar,Johanna,0000-0002-6144-3695
Wetmore,Stephen J.,NO
Whitehead,Shawn,0000-0003-4728-8067
Whitwell,Robert,NO
Wickett,Jamie,NO
Wiebe,Tom,NO
Wiegert,Paul,0000-0002-1914-5352
Wijekoon,Sachindri,0000-0001-8447-0218
Wild,Geoff,0000-0001-7821-7304
Wilejto,Marta,NO
Wilk,Piotr,0000-0002-1363-2280
Wilkinson,Margaret Ann,NO
Williams,Lewis ,0000-0002-1876-7352
Williams,Robin,NO
Williamson,Stephen,0009-0007-4677-1803
Willing,Ryan T,0000-0002-4127-8645
Willits,Kevin,NO
Willmore,Katherine,0000-0002-8563-3354
Wilson,Andrea,0000-0002-2658-6973
Wilson,John,NO
Wilson,Aze,0000-0001-6568-1714
Wilson,Timothy,0000-0001-7102-2491
Winquist,Eric,NO
Wiseman,Daniele,0000-0002-9370-4159
Wisner,James A,0000-0002-1556-7443
Witt,Ivan,NO
Wlodarz,Joseph,0009-0003-7330-7716
Woldie,Indryas,0000-0001-8107-9491
Wolff,Victoria,0009-0009-4607-0913
Wong,Jessica,0000-0001-5593-0238
Wong,Eugene Cheuk Man,0000-0001-6869-0122
Wong,Tracy,0009-0005-3210-5733
Wong,Eric,NO
Wong,Eugene,NO
Wong,Serena,NO
Wood,Jeffrey T,0000-0001-8129-6920
Wood,Geoff,0000-0001-9709-1823
Wood,David,0009-0009-1613-9596
Wood,Kelly,0000-0001-6381-3840
Wood,Katelyn,NO
Woodley,Hayden,0000-0001-8743-6381
Woods,Anita,0000-0003-3471-3159
Woods,Katelyn,0000-0002-0026-0043
Woods,Paul,NO
Woodward,Servanne,0009-0003-3373-7076
Woolford,Douglas Graham,NO
Woolfrey,Karen,NO
Workentin,Mark Steven,0000-0001-8517-6483
Wright,Wade,0000-0002-7056-5125
Wright,Ruth,0000-0002-0950-5166
Wu,Steve,0000-0002-5659-8916
Wylie,Lloy,0000-0001-6571-4045
Wyllie,Blair,NO
Xenocostas,Anargyros,0000-0002-6506-9637
Xia,Min,0000-0001-8057-9654
Xu,Chunbao Charles,0000-0001-6543-3817
Xue,Sherry,0009-0008-8883-0290
Yamashita,Cory,0000-0003-2040-4996
Yan,Brian,NO
Yan,Justin,0000-0003-4668-5124
Yang,Yimin,0000-0002-1131-2056
Yang,Shengnan,0000-0002-5546-4860
Yang,Di,0000-0001-6445-4632
Yang,Homer,0000-0003-1943-8857
Yang,Liju,NO
Yang,Victor,NO
Yang,Irene,NO
Yang,Kaiping,NO
Yaremko,Brian,0000-0002-5055-9027
Yazdani,Arjang,0000-0001-9865-283X
Ybarra,Marina,0000-0001-7697-2218
Ybarra,Luiz,NO
Yee,Raymond,NO
Yeung,Ken,0000-0001-6933-2941
Yi,Grace Y.,0000-0002-0081-873X
Yoo,John,0000-0002-2815-893X
Yorke,Elisabeth,0000-0001-7190-5673
Yoshida,Yoko,0000-0001-8202-6068
Yoshy,Catherine,NO
You,Peng,0000-0001-6573-5735
Young,Carl F. ,0009-0005-8026-7825
Younus,Jawaid,0000-0003-4941-5306
Youssef,Maged Ali,0000-0002-8135-5107
Youssef,Hesham,NO
Yousuf,Junaid,NO
Yu,Pei,NO
Yu,Hao,NO
Yu,Andy,0000-0002-1011-0444
Yu,Jeffrey,NO
Yuen,Doris,NO
Yusuf Ibrahim,Aisha,NO
Zafar,Saira,NO
Zajacova,Anna,0000-0002-3880-6187
Zamper,Raffael,0000-0003-2783-3072
Zanette,Liana,NO
Zaric,Gregory S.,0000-0001-6924-9013
Zbaracki,Mark,0000-0003-2436-1604
Zecevic,Aleksandra,0000-0002-5116-0464
Zelcer,Shayna,0000-0003-2825-1285
Zeman,Cady,0000-0002-1032-1284
Zhan,Feng ,0000-0002-1190-3817
Zhang,Zheng,0000-0002-5794-0664
Zhang,Jin,0000-0002-6875-8008
Zhang,Chao,0000-0002-2116-0594
Zhang,Kaizhong,0009-0006-5735-2949
Zhang,Mengxia,0000-0002-4901-0635
Zhang,Nanxi,0009-0002-6791-0255
Zhang,Zhe,0000-0001-9912-9530
Zhang,Zhu-Xu,0000-0002-8335-3738
Zhang,Qi,NO
Zhao,Yang,0000-0002-4148-2603
Zhao,Liena,0000-0002-3158-1261
Zhao,Pei Jun,NO
Zheng,Ying,0000-0002-2758-7839
Zheng,Charles,0000-0001-8900-9471
Zheng,Xiufen,NO
Zhou,Wenxing,0000-0002-5932-4304
Zhou,Xiao Zhen,0009-0002-7849-2116
Zhu,Jingxu,0000-0001-7749-8917
Zhu,Rongbo,NO
Zia,Shereen,NO
Zidan,Hamza,NO
Ziebart,Christina,0000-0002-3667-4133
Zitikis,Ricardas,NO
Zizzo,Andreanne,0000-0001-6350-2057
Zoricic,Christina ,0000-0003-2783-0146
Zorzi,Alexandra,0000-0001-5635-8050
Zou,Xingfu,NO
Zou,Yi,0000-0001-7953-7481
Zou,Guangyong,0000-0001-5773-4185
Zukowski,Stephanie,0000-0003-4180-2707
Zwarenstein,Merrick,0000-0003-0162-7027
Zwiep,Terry,0000-0003-4345-0215